Workbook

Sheet vtx_bysourcelamb
A1: Row Labels | B1: Row Labels | C1: Dairy | D1: Environment | E1: Lamb | F1: Flour | G1: Meat | H1: Nuts/Seeds | I1: Other | J1: Vegetable | K1: (blank) | L1: Grand Total | Q1: Dairy | R1: Environment | S1: Lamb | T1: Flour | U1: Meat | V1: Nuts/Seeds | W1: Other | X1: Vegetable | AA1: Row Labels | AB1: Dairy | AC1: Flour | AD1: Lamb | AE1: Meat | AF1: Nuts/Seeds | AG1: Other | AH1: Vegetable
A2: aggR | B2: aggR | I2: 3 | L2: 3 | P2: vtx1a | Q2: =SUMIF($B$2:$B$44,CONCATENATE("*",$P$2,"*"),C2:C44) -> 8 | R2: =SUMIF($B$2:$B$44,CONCATENATE("*",$P$2,"*"),D2:D44) -> 3 | S2: =SUMIF($B$2:$B$44,CONCATENATE("*",$P$2,"*"),E2:E44) -> 8 | T2: =SUMIF($B$2:$B$44,CONCATENATE("*",$P$2,"*"),F2:F44) -> 5 | U2: =SUMIF($B$2:$B$44,CONCATENATE("*",$P$2,"*"),G2:G44) -> 102 | V2: =SUMIF($B$2:$B$44,CONCATENATE("*",$P$2,"*"),H2:H44) -> 4 | W2: =SUMIF($B$2:$B$44,CONCATENATE("*",$P$2,"*"),I2:I44) -> 28 | X2: =SUMIF($B$2:$B$44,CONCATENATE("*",$P$2,"*"),J2:J44) -> 2 | AA2: aggR | AG2: 3
A3: eae | B3: eae | I3: 1 | L3: 1 | P3: vtx2a | Q3: =SUMIF($B$2:$B$44,CONCATENATE("*",$P$3,"*"),C2:C44) -> 10 | R3: =SUMIF($B$2:$B$44,CONCATENATE("*",$P$3,"*"),D2:D44) -> 2 | S3: =SUMIF($B$2:$B$44,CONCATENATE("*",$P$3,"*"),E2:E44) -> 0 | T3: =SUMIF($B$2:$B$44,CONCATENATE("*",$P$3,"*"),F2:F44) -> 23 | U3: =SUMIF($B$2:$B$44,CONCATENATE("*",$P$3,"*"),G2:G44) -> 76 | V3: =SUMIF($B$2:$B$44,CONCATENATE("*",$P$3,"*"),H2:H44) -> 14 | W3: =SUMIF($B$2:$B$44,CONCATENATE("*",$P$3,"*"),I2:I44) -> 25 | X3: =SUMIF($B$2:$B$44,CONCATENATE("*",$P$3,"*"),J2:J44) -> 4 | AA3: eae | AG3: 1
A4: ND | B4: ND | G4: 1 | I4: 5 | L4: 8 | P4: vtx2d | Q4: =SUMIF($B$2:$B$44,CONCATENATE("*",$P$4,"*"),C2:C44) -> 3 | R4: =SUMIF($B$2:$B$44,CONCATENATE("*",$P$4,"*"),D2:D44) -> 0 | S4: =SUMIF($B$2:$B$44,CONCATENATE("*",$P$4,"*"),E2:E44) -> 0 | T4: =SUMIF($B$2:$B$44,CONCATENATE("*",$P$4,"*"),F2:F44) -> 0 | U4: =SUMIF($B$2:$B$44,CONCATENATE("*",$P$4,"*"),G2:G44) -> 16 | V4: =SUMIF($B$2:$B$44,CONCATENATE("*",$P$4,"*"),H2:H44) -> 0 | W4: =SUMIF($B$2:$B$44,CONCATENATE("*",$P$4,"*"),I2:I44) -> 9 | X4: =SUMIF($B$2:$B$44,CONCATENATE("*",$P$4,"*"),J2:J44) -> 0 | AA4: ND | AE4: 1 | AG4: 7
A5: stx1a, eae | B5: vtx1a, eae | I5: 11 | L5: 11 | P5: vtx2c | Q5: =SUMIF($B$2:$B$44,CONCATENATE("*",$P$5,"*"),C2:C44) -> 0 | R5: =SUMIF($B$2:$B$44,CONCATENATE("*",$P$5,"*"),D2:D44) -> 7 | S5: =SUMIF($B$2:$B$44,CONCATENATE("*",$P$5,"*"),E2:E44) -> 0 | T5: =SUMIF($B$2:$B$44,CONCATENATE("*",$P$5,"*"),F2:F44) -> 1 | U5: =SUMIF($B$2:$B$44,CONCATENATE("*",$P$5,"*"),G2:G44) -> 40 | V5: =SUMIF($B$2:$B$44,CONCATENATE("*",$P$5,"*"),H2:H44) -> 3 | W5: =SUMIF($B$2:$B$44,CONCATENATE("*",$P$5,"*"),I2:I44) -> 6 | X5: =SUMIF($B$2:$B$44,CONCATENATE("*",$P$5,"*"),J2:J44) -> 0 | AA5: stx1a, eae | AG5: 11
A6: stx1a, stx2a | B6: vtx1a, vtx2a | I6: 1 | L6: 1 | P6: vtx1c | Q6: =SUMIF($B$2:$B$44,CONCATENATE("*",$P$6,"*"),C2:C44) -> 0 | R6: =SUMIF($B$2:$B$44,CONCATENATE("*",$P$6,"*"),D2:D44) -> 0 | S6: =SUMIF($B$2:$B$44,CONCATENATE("*",$P$6,"*"),E2:E44) -> 28 | T6: =SUMIF($B$2:$B$44,CONCATENATE("*",$P$6,"*"),F2:F44) -> 1 | U6: =SUMIF($B$2:$B$44,CONCATENATE("*",$P$6,"*"),G2:G44) -> 42 | V6: =SUMIF($B$2:$B$44,CONCATENATE("*",$P$6,"*"),H2:H44) -> 0 | W6: =SUMIF($B$2:$B$44,CONCATENATE("*",$P$6,"*"),I2:I44) -> 7 | X6: =SUMIF($B$2:$B$44,CONCATENATE("*",$P$6,"*"),J2:J44) -> 0 | AA6: stx1a, stx2a | AG6: 1
A7: stx1a, stx2a, eae | B7: vtx1a, vtx2a, eae | I7: 4 | L7: 4 | P7: vtx2b | Q7: =SUMIF($B$2:$B$44,CONCATENATE("*",$P$7,"*"),C2:C44) -> 0 | R7: =SUMIF($B$2:$B$44,CONCATENATE("*",$P$7,"*"),D2:D44) -> 0 | S7: =SUMIF($B$2:$B$44,CONCATENATE("*",$P$7,"*"),E2:E44) -> 23 | T7: =SUMIF($B$2:$B$44,CONCATENATE("*",$P$7,"*"),F2:F44) -> 0 | U7: =SUMIF($B$2:$B$44,CONCATENATE("*",$P$7,"*"),G2:G44) -> 61 | V7: =SUMIF($B$2:$B$44,CONCATENATE("*",$P$7,"*"),H2:H44) -> 0 | W7: =SUMIF($B$2:$B$44,CONCATENATE("*",$P$7,"*"),I2:I44) -> 10 | X7: =SUMIF($B$2:$B$44,CONCATENATE("*",$P$7,"*"),J2:J44) -> 0 | AA7: stx1a, stx2a, eae | AG7: 4
A8: stx1a, stx2c,eae | B8: vtx1a, vtx2c,eae | I8: 1 | L8: 1 | P8: vtx2k | Q8: =SUMIF($B$2:$B$44,CONCATENATE("*",$P$8,"*"),C2:C44) -> 0 | R8: =SUMIF($B$2:$B$44,CONCATENATE("*",$P$8,"*"),D2:D44) -> 0 | S8: =SUMIF($B$2:$B$44,CONCATENATE("*",$P$8,"*"),E2:E44) -> 0 | T8: =SUMIF($B$2:$B$44,CONCATENATE("*",$P$8,"*"),F2:F44) -> 0 | U8: =SUMIF($B$2:$B$44,CONCATENATE("*",$P$8,"*"),G2:G44) -> 1 | V8: =SUMIF($B$2:$B$44,CONCATENATE("*",$P$8,"*"),H2:H44) -> 0 | W8: =SUMIF($B$2:$B$44,CONCATENATE("*",$P$8,"*"),I2:I44) -> 0 | X8: =SUMIF($B$2:$B$44,CONCATENATE("*",$P$8,"*"),J2:J44) -> 0 | AA8: stx1a, stx2c,eae | AG8: 1
A9: stx1d | B9: vtx1d | I9: 1 | L9: 1 | P9: vtx2e | Q9: =SUMIF($B$2:$B$44,CONCATENATE("*",$P$9,"*"),C2:C44) -> 0 | R9: =SUMIF($B$2:$B$44,CONCATENATE("*",$P$9,"*"),D2:D44) -> 0 | S9: =SUMIF($B$2:$B$44,CONCATENATE("*",$P$9,"*"),E2:E44) -> 1 | T9: =SUMIF($B$2:$B$44,CONCATENATE("*",$P$9,"*"),F2:F44) -> 0 | U9: =SUMIF($B$2:$B$44,CONCATENATE("*",$P$9,"*"),G2:G44) -> 7 | V9: =SUMIF($B$2:$B$44,CONCATENATE("*",$P$9,"*"),H2:H44) -> 0 | W9: =SUMIF($B$2:$B$44,CONCATENATE("*",$P$9,"*"),I2:I44) -> 3 | X9: =SUMIF($B$2:$B$44,CONCATENATE("*",$P$9,"*"),J2:J44) -> 0 | AA9: stx1d | AG9: 1
A10: stx2a, aggR | B10: vtx2a, aggR | I10: 1 | L10: 1 | P10: vtx2g | Q10: =SUMIF($B$2:$B$44,CONCATENATE("*",$P$10,"*"),C2:C44) -> 0 | R10: =SUMIF($B$2:$B$44,CONCATENATE("*",$P$10,"*"),D2:D44) -> 0 | S10: =SUMIF($B$2:$B$44,CONCATENATE("*",$P$10,"*"),E2:E44) -> 0 | T10: =SUMIF($B$2:$B$44,CONCATENATE("*",$P$10,"*"),F2:F44) -> 0 | U10: =SUMIF($B$2:$B$44,CONCATENATE("*",$P$10,"*"),G2:G44) -> 2 | V10: =SUMIF($B$2:$B$44,CONCATENATE("*",$P$10,"*"),H2:H44) -> 0 | W10: =SUMIF($B$2:$B$44,CONCATENATE("*",$P$10,"*"),I2:I44) -> 2 | X10: =SUMIF($B$2:$B$44,CONCATENATE("*",$P$10,"*"),J2:J44) -> 0 | AA10: stx2a, aggR | AG10: 1
A11: stx2a, eae | B11: vtx2a, eae | I11: 2 | L11: 2 | P11: vtx2i | Q11: =SUMIF($B$2:$B$44,CONCATENATE("*",$P$11,"*"),C2:C44) -> 0 | R11: =SUMIF($B$2:$B$44,CONCATENATE("*",$P$11,"*"),D2:D44) -> 0 | S11: =SUMIF($B$2:$B$44,CONCATENATE("*",$P$11,"*"),E2:E44) -> 12 | T11: =SUMIF($B$2:$B$44,CONCATENATE("*",$P$11,"*"),F2:F44) -> 0 | U11: =SUMIF($B$2:$B$44,CONCATENATE("*",$P$11,"*"),G2:G44) -> 0 | V11: =SUMIF($B$2:$B$44,CONCATENATE("*",$P$11,"*"),H2:H44) -> 0 | W11: =SUMIF($B$2:$B$44,CONCATENATE("*",$P$11,"*"),I2:I44) -> 0 | X11: =SUMIF($B$2:$B$44,CONCATENATE("*",$P$11,"*"),J2:J44) -> 0 | AA11: stx2a, eae | AG11: 2
A12: stx2a, stx2d | B12: vtx2a, vtx2d | I12: 1 | L12: 1 | P12: vtx1d | Q12: =SUMIF($B$2:$B$44,CONCATENATE("*",$P$12,"*"),C2:C44) -> 0 | R12: =SUMIF($B$2:$B$44,CONCATENATE("*",$P$12,"*"),D2:D44) -> 0 | S12: =SUMIF($B$2:$B$44,CONCATENATE("*",$P$12,"*"),E2:E44) -> 0 | T12: =SUMIF($B$2:$B$44,CONCATENATE("*",$P$12,"*"),F2:F44) -> 0 | U12: =SUMIF($B$2:$B$44,CONCATENATE("*",$P$12,"*"),G2:G44) -> 0 | V12: =SUMIF($B$2:$B$44,CONCATENATE("*",$P$12,"*"),H2:H44) -> 1 | W12: =SUMIF($B$2:$B$44,CONCATENATE("*",$P$12,"*"),I2:I44) -> 5 | X12: =SUMIF($B$2:$B$44,CONCATENATE("*",$P$12,"*"),J2:J44) -> 0 | AA12: stx2a, stx2d | AG12: 1
A13: stx2c,eae | B13: vtx2c,eae | I13: 1 | L13: 1 | P13: vtx2f | Q13: =SUMIF($B$2:$B$44,CONCATENATE("*",$P$13,"*"),C2:C44) -> 0 | R13: =SUMIF($B$2:$B$44,CONCATENATE("*",$P$13,"*"),D2:D44) -> 0 | S13: =SUMIF($B$2:$B$44,CONCATENATE("*",$P$13,"*"),E2:E44) -> 0 | T13: =SUMIF($B$2:$B$44,CONCATENATE("*",$P$13,"*"),F2:F44) -> 0 | U13: =SUMIF($B$2:$B$44,CONCATENATE("*",$P$13,"*"),G2:G44) -> 0 | V13: =SUMIF($B$2:$B$44,CONCATENATE("*",$P$13,"*"),H2:H44) -> 0 | W13: =SUMIF($B$2:$B$44,CONCATENATE("*",$P$13,"*"),I2:I44) -> 5 | X13: =SUMIF($B$2:$B$44,CONCATENATE("*",$P$13,"*"),J2:J44) -> 0 | AA13: stx2c,eae | AG13: 1
A14: stx2h | B14: vtx2h | J14: 1 | L14: 1 | AA14: stx2h | AH14: 1
A15: vtx1a | B15: vtx1a | F15: 4 | G15: 37 | I15: 8 | L15: 51 | AA15: vtx1a | AC15: 5 | AE15: 37 | AG15: 9
A16: vtx1a,vtx2b | B16: vtx1a,vtx2b | G16: 1 | L16: 1 | AA16: vtx1a,vtx2b | AE16: 1
A17: vtx1a,vtx2c | B17: vtx1a,vtx2c | G17: 1 | L17: 1 | AA17: vtx1a,vtx2c | AE17: 1
A18: vtx1a;vtx1c;vtx2b | B18: vtx1a;vtx1c;vtx2b | G18: 1 | L18: 1 | AA18: vtx1a;vtx1c;vtx2b | AE18: 1
A19: vtx1a;vtx2a | B19: vtx1a;vtx2a | C19: 8 | D19: 2 | F19: 1 | G19: 40 | H19: 4 | I19: 3 | J19: 2 | L19: 115 | AA19: vtx1a;vtx2a | AC19: 9 | AE19: 40 | AF19: 14 | AG19: 50 | AH19: 2
A20: vtx1a;vtx2a (interrupted) | B20: vtx1a;vtx2a (interrupted) | G20: 1 | L20: 1 | AA20: vtx1a;vtx2a (interrupted) | AE20: 1
A21: vtx1a;vtx2b | B21: vtx1a;vtx2b | E21: 8 | G21: 17 | L21: 26 | AA21: vtx1a;vtx2b | AD21: 8 | AE21: 17 | AG21: 1
A22: vtx1a;vtx2c | B22: vtx1a;vtx2c | D22: 1 | G22: 2 | L22: 13 | AA22: vtx1a;vtx2c | AC22: 1 | AE22: 2 | AG22: 10
A23: vtx1a;vtx2d | B23: vtx1a;vtx2d | G23: 2 | L23: 2 | AA23: vtx1a;vtx2d | AE23: 2
A24: vtx1c | B24: vtx1c | E24: 13 | F24: 1 | G24: 15 | I24: 2 | L24: 38 | AA24: vtx1c | AB24: 2 | AD24: 13 | AE24: 15 | AG24: 8
A25: vtx1c,vtx2b | B25: vtx1c,vtx2b | G25: 2 | L25: 2 | AA25: vtx1c,vtx2b | AE25: 2
A26: vtx1c;vtx2a | B26: vtx1c;vtx2a | I26: 1 | L26: 1 | AA26: vtx1c;vtx2a | AG26: 1
A27: vtx1c;vtx2a;vtx2b | B27: vtx1c;vtx2a;vtx2b | G27: 1 | L27: 1 | AA27: vtx1c;vtx2a;vtx2b | AE27: 1
A28: vtx1c;vtx2b | B28: vtx1c;vtx2b | E28: 15 | G28: 23 | I28: 4 | L28: 46 | AA28: vtx1c;vtx2b | AD28: 15 | AE28: 23 | AG28: 8
A29: vtx1d | B29: vtx1d | H29: 1 | I29: 4 | L29: 5 | AA29: vtx1d | AF29: 1 | AG29: 4
A30: vtx2a | B30: vtx2a | C30: 2 | F30: 22 | G30: 33 | H30: 10 | I30: 11 | J30: 2 | L30: 86 | AA30: vtx2a | AB30: 2 | AC30: 19 | AE30: 33 | AF30: 9 | AG30: 19 | AH30: 4
A31: vtx2a;vtx2c | B31: vtx2a;vtx2c | I31: 1 | L31: 1 | AA31: vtx2a;vtx2c | AG31: 1
A32: vtx2a;vtx2k | B32: vtx2a;vtx2k | G32: 1 | L32: 1 | AA32: vtx2a;vtx2k | AE32: 1
A33: vtx2b | B33: vtx2b | G33: 12 | I33: 5 | L33: 17 | AA33: vtx2b | AE33: 12 | AG33: 5
A34: vtx2b;vtx2c | B34: vtx2b;vtx2c | G34: 2 | L34: 2 | AA34: vtx2b;vtx2c | AE34: 2
A35: vtx2b;vtx2c;vtx2d | B35: vtx2b;vtx2c;vtx2d | I35: 1 | L35: 1 | AA35: vtx2b;vtx2c;vtx2d | AG35: 1
A36: vtx2b;vtx2d | B36: vtx2b;vtx2d | G36: 2 | L36: 2 | AA36: vtx2b;vtx2d | AE36: 2
A37: vtx2c | B37: vtx2c | D37: 6 | F37: 1 | G37: 35 | H37: 3 | I37: 2 | L37: 50 | AA37: vtx2c | AC37: 5 | AE37: 35 | AF37: 4 | AG37: 6
A38: vtx2d | B38: vtx2d | C38: 3 | G38: 12 | I38: 7 | L38: 20 | AA38: vtx2d | AE38: 12 | AG38: 8
A39: vtx2e | B39: vtx2e | E39: 1 | G39: 7 | I39: 3 | L39: 11 | AA39: vtx2e | AD39: 1 | AE39: 7 | AG39: 3
A40: vtx2f | B40: vtx2f | I40: 5 | L40: 5 | AA40: vtx2f | AG40: 5
A41: vtx2g | B41: vtx2g | G41: 2 | I41: 2 | L41: 4 | AA41: vtx2g | AE41: 2 | AG41: 2
A42: vtx2i | B42: vtx2i | E42: 12 | L42: 12 | AA42: vtx2i | AD42: 12
A43: vtx2j | B43: vtx2j | J43: 1 | L43: 1 | AA43: vtx2j | AH43: 1
A44: #N/A | B44: #N/A | G44: 23 | L44: 35 | AA44: #N/A | AC44: 1 | AE44: 23 | AF44: 6 | AG44: 5
AA45: (blank)
E46: 42 | G46: 280 | AA46: Grand Total | AB46: 4 | AC46: 40 | AD46: 42 | AE46: 280 | AF46: 34 | AG46: 180 | AH46: 8

Sheet vtx_bysource
A1: Row Labels | B1: Dairy | C1: Environment | D1: Flour | E1: Meat | F1: Nuts/Seeds | G1: Other | H1: Vegetable | J1: countifs (to count number of rows | K1: Dairy | L1: Environment | M1: Flour | N1: Meat | O1: Lamb | P1: Nuts/Seeds | Q1: Other | R1: Vegetable | S1: TOTAL | U1: Protein Allele | V1: Dairy | W1: Environment | X1: Flour | Y1: Meat | Z1: Nuts/Seeds | AA1: Other | AB1: Vegetable
A2: ND | E2: 4 | J2: Stx1a | K2: =COUNTIFS(alldata_newdb!Q:Q, CONCATENATE("*",J2,"*"), alldata_newdb!L:L, "Dairy") -> 8 | L2: =COUNTIFS(alldata_newdb!Q:Q, CONCATENATE("*",J2,"*"), alldata_newdb!L:L, "Environment") -> 3 | M2: =COUNTIFS(alldata_newdb!Q:Q, CONCATENATE("*",J2,"*"), alldata_newdb!L:L, "Flour") -> 5 | N2: =COUNTIFS(alldata_newdb!Q:Q, CONCATENATE("*",J2,"*"), alldata_newdb!L:L, "Meat") -> 195 | O2: =COUNTIFS(alldata_newdb!Q:Q, CONCATENATE("*",J2,"*"), alldata_newdb!L:L, "Lamb") -> 8 | P2: =COUNTIFS(alldata_newdb!Q:Q, CONCATENATE("*",J2,"*"), alldata_newdb!L:L, "Nuts/Seeds") -> 4 | Q2: =COUNTIFS(alldata_newdb!Q:Q, CONCATENATE("*",J2,"*"), alldata_newdb!L:L, "Other") -> 20 | R2: =COUNTIFS(alldata_newdb!Q:Q, CONCATENATE("*",J2,"*"), alldata_newdb!L:L, "Vegetable") -> 2 | S2: =SUM(K2:R2) -> 245 | U2: Stx1a | V2: =SUMIF($A$2:$A$99,CONCATENATE("*",U2,"*"),$B$2:$B$99) -> 8 | W2: =SUMIF($A$2:$A$99,CONCATENATE("*",U2,"*"),$C$2:$C$99) -> 3 | X2: =SUMIF($A$2:$A$99,CONCATENATE("*",U2,"*"),$D$2:$D$99) -> 5 | Y2: =SUMIF($A$2:$A$99,CONCATENATE("*",U2,"*"),$E$2:$E$99) -> 203 | Z2: =SUMIF($A$2:$A$99,CONCATENATE("*",U2,"*"),$F$2:$F$99) -> 4 | AA2: =SUMIF($A$2:$A$99,CONCATENATE("*",U2,"*"),$G$2:$G$99) -> 20 | AB2: =SUMIF($A$2:$A$99,CONCATENATE("*",U2,"*"),$H$2:$H$99) -> 2
A3: StxOp1036_Stx1c_12 | D3: 1 | E3: 21 | G3: 3 | J3: Stx2a | K3: =COUNTIFS(alldata_newdb!Q:Q, CONCATENATE("*",J3,"*"), alldata_newdb!L:L, "Dairy") -> 10 | L3: =COUNTIFS(alldata_newdb!Q:Q, CONCATENATE("*",J3,"*"), alldata_newdb!L:L, "Environment") -> 2 | M3: =COUNTIFS(alldata_newdb!Q:Q, CONCATENATE("*",J3,"*"), alldata_newdb!L:L, "Flour") -> 23 | N3: =COUNTIFS(alldata_newdb!Q:Q, CONCATENATE("*",J3,"*"), alldata_newdb!L:L, "Meat") -> 175 | O3: =COUNTIFS(alldata_newdb!Q:Q, CONCATENATE("*",J3,"*"), alldata_newdb!L:L, "Lamb") -> 0 | P3: =COUNTIFS(alldata_newdb!Q:Q, CONCATENATE("*",J3,"*"), alldata_newdb!L:L, "Nuts/Seeds") -> 14 | Q3: =COUNTIFS(alldata_newdb!Q:Q, CONCATENATE("*",J3,"*"), alldata_newdb!L:L, "Other") -> 10 | R3: =COUNTIFS(alldata_newdb!Q:Q, CONCATENATE("*",J3,"*"), alldata_newdb!L:L, "Vegetable") -> 4 | S3: =SUM(K3:R3) -> 238 | U3: Stx2a | V3: =SUMIF($A$2:$A$99,CONCATENATE("*",U3,"*"),$B$2:$B$99) -> 10 | W3: =SUMIF($A$2:$A$99,CONCATENATE("*",U3,"*"),$C$2:$C$99) -> 2 | X3: =SUMIF($A$2:$A$99,CONCATENATE("*",U3,"*"),$D$2:$D$99) -> 23 | Y3: =SUMIF($A$2:$A$99,CONCATENATE("*",U3,"*"),$E$2:$E$99) -> 175 | Z3: =SUMIF($A$2:$A$99,CONCATENATE("*",U3,"*"),$F$2:$F$99) -> 14 | AA3: =SUMIF($A$2:$A$99,CONCATENATE("*",U3,"*"),$G$2:$G$99) -> 10 | AB3: =SUMIF($A$2:$A$99,CONCATENATE("*",U3,"*"),$H$2:$H$99) -> 4
A4: StxOp1037_Stx1c_26 | E4: 2 | G4: 1 | J4: Stx2d | K4: =COUNTIFS(alldata_newdb!Q:Q, CONCATENATE("*",J4,"*"), alldata_newdb!L:L, "Dairy") -> 3 | L4: =COUNTIFS(alldata_newdb!Q:Q, CONCATENATE("*",J4,"*"), alldata_newdb!L:L, "Environment") -> 0 | M4: =COUNTIFS(alldata_newdb!Q:Q, CONCATENATE("*",J4,"*"), alldata_newdb!L:L, "Flour") -> 0 | N4: =COUNTIFS(alldata_newdb!Q:Q, CONCATENATE("*",J4,"*"), alldata_newdb!L:L, "Meat") -> 15 | O4: =COUNTIFS(alldata_newdb!Q:Q, CONCATENATE("*",J4,"*"), alldata_newdb!L:L, "Lamb") -> 0 | P4: =COUNTIFS(alldata_newdb!Q:Q, CONCATENATE("*",J4,"*"), alldata_newdb!L:L, "Nuts/Seeds") -> 0 | Q4: =COUNTIFS(alldata_newdb!Q:Q, CONCATENATE("*",J4,"*"), alldata_newdb!L:L, "Other") -> 2 | R4: =COUNTIFS(alldata_newdb!Q:Q, CONCATENATE("*",J4,"*"), alldata_newdb!L:L, "Vegetable") -> 0 | S4: =SUM(K4:R4) -> 20 | U4: Stx2d | V4: =SUMIF($A$2:$A$99,CONCATENATE("*",U4,"*"),$B$2:$B$99) -> 3 | W4: =SUMIF($A$2:$A$99,CONCATENATE("*",U4,"*"),$C$2:$C$99) -> 0 | X4: =SUMIF($A$2:$A$99,CONCATENATE("*",U4,"*"),$D$2:$D$99) -> 0 | Y4: =SUMIF($A$2:$A$99,CONCATENATE("*",U4,"*"),$E$2:$E$99) -> 15 | Z4: =SUMIF($A$2:$A$99,CONCATENATE("*",U4,"*"),$F$2:$F$99) -> 0 | AA4: =SUMIF($A$2:$A$99,CONCATENATE("*",U4,"*"),$G$2:$G$99) -> 2 | AB4: =SUMIF($A$2:$A$99,CONCATENATE("*",U4,"*"),$H$2:$H$99) -> 0
A5: StxOp1038_Stx1d_4 | F5: 1 | J5: Stx2c | K5: =COUNTIFS(alldata_newdb!Q:Q, CONCATENATE("*",J5,"*"), alldata_newdb!L:L, "Dairy") -> 0 | L5: =COUNTIFS(alldata_newdb!Q:Q, CONCATENATE("*",J5,"*"), alldata_newdb!L:L, "Environment") -> 7 | M5: =COUNTIFS(alldata_newdb!Q:Q, CONCATENATE("*",J5,"*"), alldata_newdb!L:L, "Flour") -> 1 | N5: =COUNTIFS(alldata_newdb!Q:Q, CONCATENATE("*",J5,"*"), alldata_newdb!L:L, "Meat") -> 52 | O5: =COUNTIFS(alldata_newdb!Q:Q, CONCATENATE("*",J5,"*"), alldata_newdb!L:L, "Lamb") -> 0 | P5: =COUNTIFS(alldata_newdb!Q:Q, CONCATENATE("*",J5,"*"), alldata_newdb!L:L, "Nuts/Seeds") -> 3 | Q5: =COUNTIFS(alldata_newdb!Q:Q, CONCATENATE("*",J5,"*"), alldata_newdb!L:L, "Other") -> 4 | R5: =COUNTIFS(alldata_newdb!Q:Q, CONCATENATE("*",J5,"*"), alldata_newdb!L:L, "Vegetable") -> 0 | S5: =SUM(K5:R5) -> 67 | U5: Stx2c | V5: =SUMIF($A$2:$A$99,CONCATENATE("*",U5,"*"),$B$2:$B$99) -> 0 | W5: =SUMIF($A$2:$A$99,CONCATENATE("*",U5,"*"),$C$2:$C$99) -> 7 | X5: =SUMIF($A$2:$A$99,CONCATENATE("*",U5,"*"),$D$2:$D$99) -> 1 | Y5: =SUMIF($A$2:$A$99,CONCATENATE("*",U5,"*"),$E$2:$E$99) -> 52 | Z5: =SUMIF($A$2:$A$99,CONCATENATE("*",U5,"*"),$F$2:$F$99) -> 3 | AA5: =SUMIF($A$2:$A$99,CONCATENATE("*",U5,"*"),$G$2:$G$99) -> 4 | AB5: =SUMIF($A$2:$A$99,CONCATENATE("*",U5,"*"),$H$2:$H$99) -> 0
A6: StxOp1043_Stx2a_1 | E6: 7 | F6: 1 | J6: Stx1c | K6: =COUNTIFS(alldata_newdb!Q:Q, CONCATENATE("*",J6,"*"), alldata_newdb!L:L, "Dairy") -> 0 | L6: =COUNTIFS(alldata_newdb!Q:Q, CONCATENATE("*",J6,"*"), alldata_newdb!L:L, "Environment") -> 0 | M6: =COUNTIFS(alldata_newdb!Q:Q, CONCATENATE("*",J6,"*"), alldata_newdb!L:L, "Flour") -> 1 | N6: =COUNTIFS(alldata_newdb!Q:Q, CONCATENATE("*",J6,"*"), alldata_newdb!L:L, "Meat") -> 52 | O6: =COUNTIFS(alldata_newdb!Q:Q, CONCATENATE("*",J6,"*"), alldata_newdb!L:L, "Lamb") -> 28 | P6: =COUNTIFS(alldata_newdb!Q:Q, CONCATENATE("*",J6,"*"), alldata_newdb!L:L, "Nuts/Seeds") -> 0 | Q6: =COUNTIFS(alldata_newdb!Q:Q, CONCATENATE("*",J6,"*"), alldata_newdb!L:L, "Other") -> 27 | R6: =COUNTIFS(alldata_newdb!Q:Q, CONCATENATE("*",J6,"*"), alldata_newdb!L:L, "Vegetable") -> 0 | S6: =SUM(K6:R6) -> 108 | U6: Stx1c | V6: =SUMIF($A$2:$A$99,CONCATENATE("*",U6,"*"),$B$2:$B$99) -> 0 | W6: =SUMIF($A$2:$A$99,CONCATENATE("*",U6,"*"),$C$2:$C$99) -> 0 | X6: =SUMIF($A$2:$A$99,CONCATENATE("*",U6,"*"),$D$2:$D$99) -> 1 | Y6: =SUMIF($A$2:$A$99,CONCATENATE("*",U6,"*"),$E$2:$E$99) -> 80 | Z6: =SUMIF($A$2:$A$99,CONCATENATE("*",U6,"*"),$F$2:$F$99) -> 0 | AA6: =SUMIF($A$2:$A$99,CONCATENATE("*",U6,"*"),$G$2:$G$99) -> 27 | AB6: =SUMIF($A$2:$A$99,CONCATENATE("*",U6,"*"),$H$2:$H$99) -> 0
A7: StxOp1081_Stx2a_1 | StxOp3_Stx1a_9 | E7: 1 | J7: Stx2b | K7: =COUNTIFS(alldata_newdb!Q:Q, CONCATENATE("*",J7,"*"), alldata_newdb!L:L, "Dairy") -> 0 | L7: =COUNTIFS(alldata_newdb!Q:Q, CONCATENATE("*",J7,"*"), alldata_newdb!L:L, "Environment") -> 0 | M7: =COUNTIFS(alldata_newdb!Q:Q, CONCATENATE("*",J7,"*"), alldata_newdb!L:L, "Flour") -> 0 | N7: =COUNTIFS(alldata_newdb!Q:Q, CONCATENATE("*",J7,"*"), alldata_newdb!L:L, "Meat") -> 63 | O7: =COUNTIFS(alldata_newdb!Q:Q, CONCATENATE("*",J7,"*"), alldata_newdb!L:L, "Lamb") -> 23 | P7: =COUNTIFS(alldata_newdb!Q:Q, CONCATENATE("*",J7,"*"), alldata_newdb!L:L, "Nuts/Seeds") -> 0 | Q7: =COUNTIFS(alldata_newdb!Q:Q, CONCATENATE("*",J7,"*"), alldata_newdb!L:L, "Other") -> 32 | R7: =COUNTIFS(alldata_newdb!Q:Q, CONCATENATE("*",J7,"*"), alldata_newdb!L:L, "Vegetable") -> 0 | S7: =SUM(K7:R7) -> 118 | U7: Stx2b | V7: =SUMIF($A$2:$A$99,CONCATENATE("*",U7,"*"),$B$2:$B$99) -> 0 | W7: =SUMIF($A$2:$A$99,CONCATENATE("*",U7,"*"),$C$2:$C$99) -> 0 | X7: =SUMIF($A$2:$A$99,CONCATENATE("*",U7,"*"),$D$2:$D$99) -> 0 | Y7: =SUMIF($A$2:$A$99,CONCATENATE("*",U7,"*"),$E$2:$E$99) -> 86 | Z7: =SUMIF($A$2:$A$99,CONCATENATE("*",U7,"*"),$F$2:$F$99) -> 0 | AA7: =SUMIF($A$2:$A$99,CONCATENATE("*",U7,"*"),$G$2:$G$99) -> 32 | AB7: =SUMIF($A$2:$A$99,CONCATENATE("*",U7,"*"),$H$2:$H$99) -> 0
A8: StxOp1089_Stx2a_1 | B8: 2 | E8: 34 | F8: 1 | G8: 1 | J8: Stx2k | K8: =COUNTIFS(alldata_newdb!Q:Q, CONCATENATE("*",J8,"*"), alldata_newdb!L:L, "Dairy") -> 0 | L8: =COUNTIFS(alldata_newdb!Q:Q, CONCATENATE("*",J8,"*"), alldata_newdb!L:L, "Environment") -> 0 | M8: =COUNTIFS(alldata_newdb!Q:Q, CONCATENATE("*",J8,"*"), alldata_newdb!L:L, "Flour") -> 0 | N8: =COUNTIFS(alldata_newdb!Q:Q, CONCATENATE("*",J8,"*"), alldata_newdb!L:L, "Meat") -> 1 | O8: =COUNTIFS(alldata_newdb!Q:Q, CONCATENATE("*",J8,"*"), alldata_newdb!L:L, "Lamb") -> 0 | P8: =COUNTIFS(alldata_newdb!Q:Q, CONCATENATE("*",J8,"*"), alldata_newdb!L:L, "Nuts/Seeds") -> 0 | Q8: =COUNTIFS(alldata_newdb!Q:Q, CONCATENATE("*",J8,"*"), alldata_newdb!L:L, "Other") -> 0 | R8: =COUNTIFS(alldata_newdb!Q:Q, CONCATENATE("*",J8,"*"), alldata_newdb!L:L, "Vegetable") -> 0 | S8: =SUM(K8:R8) -> 1 | U8: Stx2k | V8: =SUMIF($A$2:$A$99,CONCATENATE("*",U8,"*"),$B$2:$B$99) -> 0 | W8: =SUMIF($A$2:$A$99,CONCATENATE("*",U8,"*"),$C$2:$C$99) -> 0 | X8: =SUMIF($A$2:$A$99,CONCATENATE("*",U8,"*"),$D$2:$D$99) -> 0 | Y8: =SUMIF($A$2:$A$99,CONCATENATE("*",U8,"*"),$E$2:$E$99) -> 1 | Z8: =SUMIF($A$2:$A$99,CONCATENATE("*",U8,"*"),$F$2:$F$99) -> 0 | AA8: =SUMIF($A$2:$A$99,CONCATENATE("*",U8,"*"),$G$2:$G$99) -> 0 | AB8: =SUMIF($A$2:$A$99,CONCATENATE("*",U8,"*"),$H$2:$H$99) -> 0
A9: StxOp1089_Stx2a_1 | StxOp3_Stx1a_9 | B9: 1 | C9: 2 | E9: 60 | G9: 2 | H9: 1 | J9: Stx2e | K9: =COUNTIFS(alldata_newdb!Q:Q, CONCATENATE("*",J9,"*"), alldata_newdb!L:L, "Dairy") -> 0 | L9: =COUNTIFS(alldata_newdb!Q:Q, CONCATENATE("*",J9,"*"), alldata_newdb!L:L, "Environment") -> 0 | M9: =COUNTIFS(alldata_newdb!Q:Q, CONCATENATE("*",J9,"*"), alldata_newdb!L:L, "Flour") -> 0 | N9: =COUNTIFS(alldata_newdb!Q:Q, CONCATENATE("*",J9,"*"), alldata_newdb!L:L, "Meat") -> 7 | O9: =COUNTIFS(alldata_newdb!Q:Q, CONCATENATE("*",J9,"*"), alldata_newdb!L:L, "Lamb") -> 1 | P9: =COUNTIFS(alldata_newdb!Q:Q, CONCATENATE("*",J9,"*"), alldata_newdb!L:L, "Nuts/Seeds") -> 0 | Q9: =COUNTIFS(alldata_newdb!Q:Q, CONCATENATE("*",J9,"*"), alldata_newdb!L:L, "Other") -> 0 | R9: =COUNTIFS(alldata_newdb!Q:Q, CONCATENATE("*",J9,"*"), alldata_newdb!L:L, "Vegetable") -> 0 | S9: =SUM(K9:R9) -> 8 | U9: Stx2e | V9: =SUMIF($A$2:$A$99,CONCATENATE("*",U9,"*"),$B$2:$B$99) -> 0 | W9: =SUMIF($A$2:$A$99,CONCATENATE("*",U9,"*"),$C$2:$C$99) -> 0 | X9: =SUMIF($A$2:$A$99,CONCATENATE("*",U9,"*"),$D$2:$D$99) -> 0 | Y9: =SUMIF($A$2:$A$99,CONCATENATE("*",U9,"*"),$E$2:$E$99) -> 8 | Z9: =SUMIF($A$2:$A$99,CONCATENATE("*",U9,"*"),$F$2:$F$99) -> 0 | AA9: =SUMIF($A$2:$A$99,CONCATENATE("*",U9,"*"),$G$2:$G$99) -> 0 | AB9: =SUMIF($A$2:$A$99,CONCATENATE("*",U9,"*"),$H$2:$H$99) -> 0
A10: StxOp1096_Stx2a_6 | StxOp16_Stx1a_24 | E10: 1 | J10: Stx2g | K10: =COUNTIFS(alldata_newdb!Q:Q, CONCATENATE("*",J10,"*"), alldata_newdb!L:L, "Dairy") -> 0 | L10: =COUNTIFS(alldata_newdb!Q:Q, CONCATENATE("*",J10,"*"), alldata_newdb!L:L, "Environment") -> 0 | M10: =COUNTIFS(alldata_newdb!Q:Q, CONCATENATE("*",J10,"*"), alldata_newdb!L:L, "Flour") -> 0 | N10: =COUNTIFS(alldata_newdb!Q:Q, CONCATENATE("*",J10,"*"), alldata_newdb!L:L, "Meat") -> 2 | O10: =COUNTIFS(alldata_newdb!Q:Q, CONCATENATE("*",J10,"*"), alldata_newdb!L:L, "Lamb") -> 0 | P10: =COUNTIFS(alldata_newdb!Q:Q, CONCATENATE("*",J10,"*"), alldata_newdb!L:L, "Nuts/Seeds") -> 0 | Q10: =COUNTIFS(alldata_newdb!Q:Q, CONCATENATE("*",J10,"*"), alldata_newdb!L:L, "Other") -> 1 | R10: =COUNTIFS(alldata_newdb!Q:Q, CONCATENATE("*",J10,"*"), alldata_newdb!L:L, "Vegetable") -> 0 | S10: =SUM(K10:R10) -> 3 | U10: Stx2g | V10: =SUMIF($A$2:$A$99,CONCATENATE("*",U10,"*"),$B$2:$B$99) -> 0 | W10: =SUMIF($A$2:$A$99,CONCATENATE("*",U10,"*"),$C$2:$C$99) -> 0 | X10: =SUMIF($A$2:$A$99,CONCATENATE("*",U10,"*"),$D$2:$D$99) -> 0 | Y10: =SUMIF($A$2:$A$99,CONCATENATE("*",U10,"*"),$E$2:$E$99) -> 2 | Z10: =SUMIF($A$2:$A$99,CONCATENATE("*",U10,"*"),$F$2:$F$99) -> 0 | AA10: =SUMIF($A$2:$A$99,CONCATENATE("*",U10,"*"),$G$2:$G$99) -> 1 | AB10: =SUMIF($A$2:$A$99,CONCATENATE("*",U10,"*"),$H$2:$H$99) -> 0
A11: StxOp1157_Stx2a_6 | StxOp4_Stx1a_9 | D11: 1 | E11: 1 | G11: 1 | J11: Stx2i | K11: =COUNTIFS(alldata_newdb!Q:Q, CONCATENATE("*",J11,"*"), alldata_newdb!L:L, "Dairy") -> 0 | L11: =COUNTIFS(alldata_newdb!Q:Q, CONCATENATE("*",J11,"*"), alldata_newdb!L:L, "Environment") -> 0 | M11: =COUNTIFS(alldata_newdb!Q:Q, CONCATENATE("*",J11,"*"), alldata_newdb!L:L, "Flour") -> 0 | N11: =COUNTIFS(alldata_newdb!Q:Q, CONCATENATE("*",J11,"*"), alldata_newdb!L:L, "Meat") -> 0 | O11: =COUNTIFS(alldata_newdb!Q:Q, CONCATENATE("*",J11,"*"), alldata_newdb!L:L, "Lamb") -> 12 | P11: =COUNTIFS(alldata_newdb!Q:Q, CONCATENATE("*",J11,"*"), alldata_newdb!L:L, "Nuts/Seeds") -> 0 | Q11: =COUNTIFS(alldata_newdb!Q:Q, CONCATENATE("*",J11,"*"), alldata_newdb!L:L, "Other") -> 4 | R11: =COUNTIFS(alldata_newdb!Q:Q, CONCATENATE("*",J11,"*"), alldata_newdb!L:L, "Vegetable") -> 0 | S11: =SUM(K11:R11) -> 16 | U11: Stx2i | V11: =SUMIF($A$2:$A$99,CONCATENATE("*",U11,"*"),$B$2:$B$99) -> 0 | W11: =SUMIF($A$2:$A$99,CONCATENATE("*",U11,"*"),$C$2:$C$99) -> 0 | X11: =SUMIF($A$2:$A$99,CONCATENATE("*",U11,"*"),$D$2:$D$99) -> 0 | Y11: =SUMIF($A$2:$A$99,CONCATENATE("*",U11,"*"),$E$2:$E$99) -> 12 | Z11: =SUMIF($A$2:$A$99,CONCATENATE("*",U11,"*"),$F$2:$F$99) -> 0 | AA11: =SUMIF($A$2:$A$99,CONCATENATE("*",U11,"*"),$G$2:$G$99) -> 4 | AB11: =SUMIF($A$2:$A$99,CONCATENATE("*",U11,"*"),$H$2:$H$99) -> 0
A12: StxOp1168_Stx2a_16 | StxOp1645_Stx1a_9 | E12: 1 | G12: 1 | J12: Stx1d | K12: =COUNTIFS(alldata_newdb!Q:Q, CONCATENATE("*",J12,"*"), alldata_newdb!L:L, "Dairy") -> 0 | L12: =COUNTIFS(alldata_newdb!Q:Q, CONCATENATE("*",J12,"*"), alldata_newdb!L:L, "Environment") -> 0 | M12: =COUNTIFS(alldata_newdb!Q:Q, CONCATENATE("*",J12,"*"), alldata_newdb!L:L, "Flour") -> 0 | N12: =COUNTIFS(alldata_newdb!Q:Q, CONCATENATE("*",J12,"*"), alldata_newdb!L:L, "Meat") -> 0 | O12: =COUNTIFS(alldata_newdb!Q:Q, CONCATENATE("*",J12,"*"), alldata_newdb!L:L, "Lamb") -> 0 | P12: =COUNTIFS(alldata_newdb!Q:Q, CONCATENATE("*",J12,"*"), alldata_newdb!L:L, "Nuts/Seeds") -> 1 | Q12: =COUNTIFS(alldata_newdb!Q:Q, CONCATENATE("*",J12,"*"), alldata_newdb!L:L, "Other") -> 0 | R12: =COUNTIFS(alldata_newdb!Q:Q, CONCATENATE("*",J12,"*"), alldata_newdb!L:L, "Vegetable") -> 0 | S12: =SUM(K12:R12) -> 1 | U12: Stx1d | V12: =SUMIF($A$2:$A$99,CONCATENATE("*",U12,"*"),$B$2:$B$99) -> 0 | W12: =SUMIF($A$2:$A$99,CONCATENATE("*",U12,"*"),$C$2:$C$99) -> 0 | X12: =SUMIF($A$2:$A$99,CONCATENATE("*",U12,"*"),$D$2:$D$99) -> 0 | Y12: =SUMIF($A$2:$A$99,CONCATENATE("*",U12,"*"),$E$2:$E$99) -> 0 | Z12: =SUMIF($A$2:$A$99,CONCATENATE("*",U12,"*"),$F$2:$F$99) -> 1 | AA12: =SUMIF($A$2:$A$99,CONCATENATE("*",U12,"*"),$G$2:$G$99) -> 0 | AB12: =SUMIF($A$2:$A$99,CONCATENATE("*",U12,"*"),$H$2:$H$99) -> 0
A13: StxOp1168_Stx2a_16 | StxOp966_Stx1a_18 | F13: 3
A14: StxOp1173_Stx2a_16 | E14: 2
A15: StxOp1173_Stx2a_16 | StxOp1348_Stx2b_110 | StxOp400_Stx1c_22 | E15: 1
A16: StxOp1173_Stx2a_16 | StxOp969_Stx1a_19 | E16: 1 | J16: countifs (to count number of rows | K16: Dairy | L16: Environment | M16: Flour | N16: Meat | O16: Lamb | P16: Nuts/Seeds | Q16: Other | R16: Vegetable | S16: TOTAL | U16: Protein Allele | V16: Dairy | W16: Environment | X16: Flour | Y16: Meat | Z16: Nuts/Seeds | AA16: Other | AB16: Vegetable
A17: StxOp1250_Stx2a_127 | StxOp4_Stx1a_9 | E17: 2 | J17: Stx1a | K17: 8 | L17: 3 | M17: 5 | N17: 195 | O17: 8 | P17: 4 | Q17: 20 | R17: 2 | S17: 245 | U17: Stx1a | V17: 8 | W17: 3 | X17: 5 | Y17: 203 | Z17: 4 | AA17: 20 | AB17: 2
A18: StxOp1287_Stx2a_183 | E18: 1 | J18: Stx2a | K18: 10 | L18: 2 | M18: 23 | N18: 175 | O18: 0 | P18: 14 | Q18: 10 | R18: 4 | S18: 238 | U18: Stx2a | V18: 10 | W18: 2 | X18: 23 | Y18: 175 | Z18: 14 | AA18: 10 | AB18: 4
A19: StxOp1329_Stx2b_101 | StxOp13_Stx1a_19 | E19: 2 | J19: Stx2d | K19: 3 | L19: 0 | M19: 0 | N19: 15 | O19: 0 | P19: 0 | Q19: 2 | R19: 0 | S19: 20 | U19: Stx2d | V19: 3 | W19: 0 | X19: 0 | Y19: 15 | Z19: 0 | AA19: 2 | AB19: 0
A20: StxOp1336_Stx2b_109 | StxOp13_Stx1a_19 | E20: 1 | G20: 1 | J20: Stx2c | K20: 0 | L20: 7 | M20: 1 | N20: 52 | O20: 0 | P20: 3 | Q20: 4 | R20: 0 | S20: 67 | U20: Stx2c | V20: 0 | W20: 7 | X20: 1 | Y20: 52 | Z20: 3 | AA20: 4 | AB20: 0
A21: StxOp1336_Stx2b_109 | StxOp399_Stx1c_12 | E21: 2 | G21: 1 | J21: Stx1c | K21: 0 | L21: 0 | M21: 1 | N21: 52 | O21: 28 | P21: 0 | Q21: 27 | R21: 0 | S21: 108 | U21: Stx1c | V21: 0 | W21: 0 | X21: 1 | Y21: 80 | Z21: 0 | AA21: 27 | AB21: 0
A22: StxOp1339_Stx2b_109 | E22: 1 | G22: 1 | J22: Stx2b | K22: 0 | L22: 0 | M22: 0 | N22: 63 | O22: 23 | P22: 0 | Q22: 32 | R22: 0 | S22: 118 | U22: Stx2b | V22: 0 | W22: 0 | X22: 0 | Y22: 86 | Z22: 0 | AA22: 32 | AB22: 0
A23: StxOp1339_Stx2b_109 | StxOp1037_Stx1c_26 | E23: 3 | G23: 1 | J23: Stx2k | K23: 0 | L23: 0 | M23: 0 | N23: 1 | O23: 0 | P23: 0 | Q23: 0 | R23: 0 | S23: 1 | U23: Stx2k | V23: 0 | W23: 0 | X23: 0 | Y23: 1 | Z23: 0 | AA23: 0 | AB23: 0
A24: StxOp1339_Stx2b_109 | StxOp399_Stx1c_12 | E24: 1 | J24: Stx2e | K24: 0 | L24: 0 | M24: 0 | N24: 7 | O24: 1 | P24: 0 | Q24: 0 | R24: 0 | S24: 8 | U24: Stx2e | V24: 0 | W24: 0 | X24: 0 | Y24: 8 | Z24: 0 | AA24: 0 | AB24: 0
A25: StxOp1339_Stx2b_109 | StxOp401_Stx1c_23 | E25: 1 | J25: Stx2g | K25: 0 | L25: 0 | M25: 0 | N25: 2 | O25: 0 | P25: 0 | Q25: 1 | R25: 0 | S25: 3 | U25: Stx2g | V25: 0 | W25: 0 | X25: 0 | Y25: 2 | Z25: 0 | AA25: 1 | AB25: 0
A26: StxOp1339_Stx2b_109 | StxOp4754_Stx1c_708 | E26: 4 | G26: 2 | J26: Stx2i | K26: 0 | L26: 0 | M26: 0 | N26: 0 | O26: 12 | P26: 0 | Q26: 4 | R26: 0 | S26: 16 | U26: Stx2i | V26: 0 | W26: 0 | X26: 0 | Y26: 12 | Z26: 0 | AA26: 4 | AB26: 0
A27: StxOp1344_Stx2b_109 | E27: 1 | G27: 1 | J27: Stx1d | K27: 0 | L27: 0 | M27: 0 | N27: 0 | O27: 0 | P27: 1 | Q27: 0 | R27: 0 | S27: 1 | U27: Stx1d | V27: 0 | W27: 0 | X27: 0 | Y27: 0 | Z27: 1 | AA27: 0 | AB27: 0
A28: StxOp1346_Stx2b_110 | StxOp13_Stx1a_19 | E28: 1
A29: StxOp1346_Stx2b_110 | StxOp399_Stx1c_12 | E29: 1 | J29: NO O157
A30: StxOp1348_Stx2b_110 | StxOp1037_Stx1c_26 | E30: 2 | J30: countifs (to count number of rows | K30: Dairy | L30: Environment | M30: Flour | N30: Meat | O30: Lamb | P30: Nuts/Seeds | Q30: Other | R30: Vegetable | S30: TOTAL
A31: StxOp1348_Stx2b_110 | StxOp13_Stx1a_19 | E31: 1 | J31: Stx1a | K31: =COUNTIFS(alldata_newdb!M:M, "<>O157:H7", alldata_newdb!Q:Q, CONCATENATE("*",J31,"*"), alldata_newdb!L:L, "Dairy") -> 0 | L31: =COUNTIFS(alldata_newdb!M:M, "<>O157:H7",alldata_newdb!Q:Q, CONCATENATE("*",J31,"*"), alldata_newdb!L:L, "Environment") -> 0 | M31: =COUNTIFS(alldata_newdb!M:M, "<>O157:H7",alldata_newdb!Q:Q, CONCATENATE("*",J31,"*"), alldata_newdb!L:L, "Flour") -> 5 | N31: =COUNTIFS(alldata_newdb!M:M, "<>O157:H7",alldata_newdb!Q:Q, CONCATENATE("*",J31,"*"), alldata_newdb!L:L, "Meat") -> 61 | O31: =COUNTIFS(alldata_newdb!M:M, "<>O157:H7",alldata_newdb!Q:Q, CONCATENATE("*",J31,"*"), alldata_newdb!L:L, "Lamb") -> 8 | P31: =COUNTIFS(alldata_newdb!M:M, "<>O157:H7",alldata_newdb!Q:Q, CONCATENATE("*",J31,"*"), alldata_newdb!L:L, "Nuts/Seeds") -> 4 | Q31: =COUNTIFS(alldata_newdb!M:M, "<>O157:H7",alldata_newdb!Q:Q, CONCATENATE("*",J31,"*"), alldata_newdb!L:L, "Other") -> 15 | R31: =COUNTIFS(alldata_newdb!M:M, "<>O157:H7",alldata_newdb!Q:Q, CONCATENATE("*",J31,"*"), alldata_newdb!L:L, "Vegetable") -> 0 | S31: =SUM(K31:R31) -> 93
A32: StxOp1348_Stx2b_110 | StxOp2167_Stx1c_500 | E32: 1 | J32: Stx2a | K32: =COUNTIFS(alldata_newdb!M:M, "<>O157:H7", alldata_newdb!Q:Q, CONCATENATE("*",J32,"*"), alldata_newdb!L:L, "Dairy") -> 0 | L32: =COUNTIFS(alldata_newdb!M:M, "<>O157:H7",alldata_newdb!Q:Q, CONCATENATE("*",J32,"*"), alldata_newdb!L:L, "Environment") -> 0 | M32: =COUNTIFS(alldata_newdb!M:M, "<>O157:H7",alldata_newdb!Q:Q, CONCATENATE("*",J32,"*"), alldata_newdb!L:L, "Flour") -> 23 | N32: =COUNTIFS(alldata_newdb!M:M, "<>O157:H7",alldata_newdb!Q:Q, CONCATENATE("*",J32,"*"), alldata_newdb!L:L, "Meat") -> 18 | O32: =COUNTIFS(alldata_newdb!M:M, "<>O157:H7",alldata_newdb!Q:Q, CONCATENATE("*",J32,"*"), alldata_newdb!L:L, "Lamb") -> 0 | P32: =COUNTIFS(alldata_newdb!M:M, "<>O157:H7",alldata_newdb!Q:Q, CONCATENATE("*",J32,"*"), alldata_newdb!L:L, "Nuts/Seeds") -> 13 | Q32: =COUNTIFS(alldata_newdb!M:M, "<>O157:H7",alldata_newdb!Q:Q, CONCATENATE("*",J32,"*"), alldata_newdb!L:L, "Other") -> 8 | R32: =COUNTIFS(alldata_newdb!M:M, "<>O157:H7",alldata_newdb!Q:Q, CONCATENATE("*",J32,"*"), alldata_newdb!L:L, "Vegetable") -> 2 | S32: =SUM(K32:R32) -> 64
A33: StxOp1348_Stx2b_110 | StxOp399_Stx1c_12 | E33: 7 | G33: 2 | J33: Stx2d | K33: =COUNTIFS(alldata_newdb!M:M, "<>O157:H7", alldata_newdb!Q:Q, CONCATENATE("*",J33,"*"), alldata_newdb!L:L, "Dairy") -> 3 | L33: =COUNTIFS(alldata_newdb!M:M, "<>O157:H7",alldata_newdb!Q:Q, CONCATENATE("*",J33,"*"), alldata_newdb!L:L, "Environment") -> 0 | M33: =COUNTIFS(alldata_newdb!M:M, "<>O157:H7",alldata_newdb!Q:Q, CONCATENATE("*",J33,"*"), alldata_newdb!L:L, "Flour") -> 0 | N33: =COUNTIFS(alldata_newdb!M:M, "<>O157:H7",alldata_newdb!Q:Q, CONCATENATE("*",J33,"*"), alldata_newdb!L:L, "Meat") -> 15 | O33: =COUNTIFS(alldata_newdb!M:M, "<>O157:H7",alldata_newdb!Q:Q, CONCATENATE("*",J33,"*"), alldata_newdb!L:L, "Lamb") -> 0 | P33: =COUNTIFS(alldata_newdb!M:M, "<>O157:H7",alldata_newdb!Q:Q, CONCATENATE("*",J33,"*"), alldata_newdb!L:L, "Nuts/Seeds") -> 0 | Q33: =COUNTIFS(alldata_newdb!M:M, "<>O157:H7",alldata_newdb!Q:Q, CONCATENATE("*",J33,"*"), alldata_newdb!L:L, "Other") -> 2 | R33: =COUNTIFS(alldata_newdb!M:M, "<>O157:H7",alldata_newdb!Q:Q, CONCATENATE("*",J33,"*"), alldata_newdb!L:L, "Vegetable") -> 0 | S33: =SUM(K33:R33) -> 20
A34: StxOp1348_Stx2b_110 | StxOp400_Stx1c_22 | E34: 2 | J34: Stx2c | K34: =COUNTIFS(alldata_newdb!M:M, "<>O157:H7", alldata_newdb!Q:Q, CONCATENATE("*",J34,"*"), alldata_newdb!L:L, "Dairy") -> 0 | L34: =COUNTIFS(alldata_newdb!M:M, "<>O157:H7",alldata_newdb!Q:Q, CONCATENATE("*",J34,"*"), alldata_newdb!L:L, "Environment") -> 0 | M34: =COUNTIFS(alldata_newdb!M:M, "<>O157:H7",alldata_newdb!Q:Q, CONCATENATE("*",J34,"*"), alldata_newdb!L:L, "Flour") -> 1 | N34: =COUNTIFS(alldata_newdb!M:M, "<>O157:H7",alldata_newdb!Q:Q, CONCATENATE("*",J34,"*"), alldata_newdb!L:L, "Meat") -> 15 | O34: =COUNTIFS(alldata_newdb!M:M, "<>O157:H7",alldata_newdb!Q:Q, CONCATENATE("*",J34,"*"), alldata_newdb!L:L, "Lamb") -> 0 | P34: =COUNTIFS(alldata_newdb!M:M, "<>O157:H7",alldata_newdb!Q:Q, CONCATENATE("*",J34,"*"), alldata_newdb!L:L, "Nuts/Seeds") -> 3 | Q34: =COUNTIFS(alldata_newdb!M:M, "<>O157:H7",alldata_newdb!Q:Q, CONCATENATE("*",J34,"*"), alldata_newdb!L:L, "Other") -> 4 | R34: =COUNTIFS(alldata_newdb!M:M, "<>O157:H7",alldata_newdb!Q:Q, CONCATENATE("*",J34,"*"), alldata_newdb!L:L, "Vegetable") -> 0 | S34: =SUM(K34:R34) -> 23
A35: StxOp1348_Stx2b_110 | StxOp402_Stx1c_25 | E35: 1 | G35: 1 | J35: Stx1c | K35: =COUNTIFS(alldata_newdb!M:M, "<>O157:H7", alldata_newdb!Q:Q, CONCATENATE("*",J35,"*"), alldata_newdb!L:L, "Dairy") -> 0 | L35: =COUNTIFS(alldata_newdb!M:M, "<>O157:H7",alldata_newdb!Q:Q, CONCATENATE("*",J35,"*"), alldata_newdb!L:L, "Environment") -> 0 | M35: =COUNTIFS(alldata_newdb!M:M, "<>O157:H7",alldata_newdb!Q:Q, CONCATENATE("*",J35,"*"), alldata_newdb!L:L, "Flour") -> 1 | N35: =COUNTIFS(alldata_newdb!M:M, "<>O157:H7",alldata_newdb!Q:Q, CONCATENATE("*",J35,"*"), alldata_newdb!L:L, "Meat") -> 52 | O35: =COUNTIFS(alldata_newdb!M:M, "<>O157:H7",alldata_newdb!Q:Q, CONCATENATE("*",J35,"*"), alldata_newdb!L:L, "Lamb") -> 28 | P35: =COUNTIFS(alldata_newdb!M:M, "<>O157:H7",alldata_newdb!Q:Q, CONCATENATE("*",J35,"*"), alldata_newdb!L:L, "Nuts/Seeds") -> 0 | Q35: =COUNTIFS(alldata_newdb!M:M, "<>O157:H7",alldata_newdb!Q:Q, CONCATENATE("*",J35,"*"), alldata_newdb!L:L, "Other") -> 24 | R35: =COUNTIFS(alldata_newdb!M:M, "<>O157:H7",alldata_newdb!Q:Q, CONCATENATE("*",J35,"*"), alldata_newdb!L:L, "Vegetable") -> 0 | S35: =SUM(K35:R35) -> 105
A36: StxOp1348_Stx2b_110 | StxOp4754_Stx1c_708 | E36: 11 | G36: 8 | J36: Stx2b | K36: =COUNTIFS(alldata_newdb!M:M, "<>O157:H7", alldata_newdb!Q:Q, CONCATENATE("*",J36,"*"), alldata_newdb!L:L, "Dairy") -> 0 | L36: =COUNTIFS(alldata_newdb!M:M, "<>O157:H7",alldata_newdb!Q:Q, CONCATENATE("*",J36,"*"), alldata_newdb!L:L, "Environment") -> 0 | M36: =COUNTIFS(alldata_newdb!M:M, "<>O157:H7",alldata_newdb!Q:Q, CONCATENATE("*",J36,"*"), alldata_newdb!L:L, "Flour") -> 0 | N36: =COUNTIFS(alldata_newdb!M:M, "<>O157:H7",alldata_newdb!Q:Q, CONCATENATE("*",J36,"*"), alldata_newdb!L:L, "Meat") -> 63 | O36: =COUNTIFS(alldata_newdb!M:M, "<>O157:H7",alldata_newdb!Q:Q, CONCATENATE("*",J36,"*"), alldata_newdb!L:L, "Lamb") -> 23 | P36: =COUNTIFS(alldata_newdb!M:M, "<>O157:H7",alldata_newdb!Q:Q, CONCATENATE("*",J36,"*"), alldata_newdb!L:L, "Nuts/Seeds") -> 0 | Q36: =COUNTIFS(alldata_newdb!M:M, "<>O157:H7",alldata_newdb!Q:Q, CONCATENATE("*",J36,"*"), alldata_newdb!L:L, "Other") -> 27 | R36: =COUNTIFS(alldata_newdb!M:M, "<>O157:H7",alldata_newdb!Q:Q, CONCATENATE("*",J36,"*"), alldata_newdb!L:L, "Vegetable") -> 0 | S36: =SUM(K36:R36) -> 113
A37: StxOp1352_Stx2b_116 | StxOp13_Stx1a_19 | E37: 1 | J37: Stx2k | K37: =COUNTIFS(alldata_newdb!M:M, "<>O157:H7", alldata_newdb!Q:Q, CONCATENATE("*",J37,"*"), alldata_newdb!L:L, "Dairy") -> 0 | L37: =COUNTIFS(alldata_newdb!M:M, "<>O157:H7",alldata_newdb!Q:Q, CONCATENATE("*",J37,"*"), alldata_newdb!L:L, "Environment") -> 0 | M37: =COUNTIFS(alldata_newdb!M:M, "<>O157:H7",alldata_newdb!Q:Q, CONCATENATE("*",J37,"*"), alldata_newdb!L:L, "Flour") -> 0 | N37: =COUNTIFS(alldata_newdb!M:M, "<>O157:H7",alldata_newdb!Q:Q, CONCATENATE("*",J37,"*"), alldata_newdb!L:L, "Meat") -> 1 | O37: =COUNTIFS(alldata_newdb!M:M, "<>O157:H7",alldata_newdb!Q:Q, CONCATENATE("*",J37,"*"), alldata_newdb!L:L, "Lamb") -> 0 | P37: =COUNTIFS(alldata_newdb!M:M, "<>O157:H7",alldata_newdb!Q:Q, CONCATENATE("*",J37,"*"), alldata_newdb!L:L, "Nuts/Seeds") -> 0 | Q37: =COUNTIFS(alldata_newdb!M:M, "<>O157:H7",alldata_newdb!Q:Q, CONCATENATE("*",J37,"*"), alldata_newdb!L:L, "Other") -> 0 | R37: =COUNTIFS(alldata_newdb!M:M, "<>O157:H7",alldata_newdb!Q:Q, CONCATENATE("*",J37,"*"), alldata_newdb!L:L, "Vegetable") -> 0 | S37: =SUM(K37:R37) -> 1
A38: StxOp1364_Stx2c_7 | E38: 1 | F38: 1 | G38: 1 | J38: Stx2e | K38: =COUNTIFS(alldata_newdb!M:M, "<>O157:H7", alldata_newdb!Q:Q, CONCATENATE("*",J38,"*"), alldata_newdb!L:L, "Dairy") -> 0 | L38: =COUNTIFS(alldata_newdb!M:M, "<>O157:H7",alldata_newdb!Q:Q, CONCATENATE("*",J38,"*"), alldata_newdb!L:L, "Environment") -> 0 | M38: =COUNTIFS(alldata_newdb!M:M, "<>O157:H7",alldata_newdb!Q:Q, CONCATENATE("*",J38,"*"), alldata_newdb!L:L, "Flour") -> 0 | N38: =COUNTIFS(alldata_newdb!M:M, "<>O157:H7",alldata_newdb!Q:Q, CONCATENATE("*",J38,"*"), alldata_newdb!L:L, "Meat") -> 7 | O38: =COUNTIFS(alldata_newdb!M:M, "<>O157:H7",alldata_newdb!Q:Q, CONCATENATE("*",J38,"*"), alldata_newdb!L:L, "Lamb") -> 1 | P38: =COUNTIFS(alldata_newdb!M:M, "<>O157:H7",alldata_newdb!Q:Q, CONCATENATE("*",J38,"*"), alldata_newdb!L:L, "Nuts/Seeds") -> 0 | Q38: =COUNTIFS(alldata_newdb!M:M, "<>O157:H7",alldata_newdb!Q:Q, CONCATENATE("*",J38,"*"), alldata_newdb!L:L, "Other") -> 0 | R38: =COUNTIFS(alldata_newdb!M:M, "<>O157:H7",alldata_newdb!Q:Q, CONCATENATE("*",J38,"*"), alldata_newdb!L:L, "Vegetable") -> 0 | S38: =SUM(K38:R38) -> 8
A39: StxOp1365_Stx2c_7 | E39: 9 | G39: 2 | J39: Stx2g | K39: =COUNTIFS(alldata_newdb!M:M, "<>O157:H7", alldata_newdb!Q:Q, CONCATENATE("*",J39,"*"), alldata_newdb!L:L, "Dairy") -> 0 | L39: =COUNTIFS(alldata_newdb!M:M, "<>O157:H7",alldata_newdb!Q:Q, CONCATENATE("*",J39,"*"), alldata_newdb!L:L, "Environment") -> 0 | M39: =COUNTIFS(alldata_newdb!M:M, "<>O157:H7",alldata_newdb!Q:Q, CONCATENATE("*",J39,"*"), alldata_newdb!L:L, "Flour") -> 0 | N39: =COUNTIFS(alldata_newdb!M:M, "<>O157:H7",alldata_newdb!Q:Q, CONCATENATE("*",J39,"*"), alldata_newdb!L:L, "Meat") -> 2 | O39: =COUNTIFS(alldata_newdb!M:M, "<>O157:H7",alldata_newdb!Q:Q, CONCATENATE("*",J39,"*"), alldata_newdb!L:L, "Lamb") -> 0 | P39: =COUNTIFS(alldata_newdb!M:M, "<>O157:H7",alldata_newdb!Q:Q, CONCATENATE("*",J39,"*"), alldata_newdb!L:L, "Nuts/Seeds") -> 0 | Q39: =COUNTIFS(alldata_newdb!M:M, "<>O157:H7",alldata_newdb!Q:Q, CONCATENATE("*",J39,"*"), alldata_newdb!L:L, "Other") -> 1 | R39: =COUNTIFS(alldata_newdb!M:M, "<>O157:H7",alldata_newdb!Q:Q, CONCATENATE("*",J39,"*"), alldata_newdb!L:L, "Vegetable") -> 0 | S39: =SUM(K39:R39) -> 3
A40: StxOp1448_Stx2c_152 | E40: 1 | J40: Stx2i | K40: =COUNTIFS(alldata_newdb!M:M, "<>O157:H7", alldata_newdb!Q:Q, CONCATENATE("*",J40,"*"), alldata_newdb!L:L, "Dairy") -> 0 | L40: =COUNTIFS(alldata_newdb!M:M, "<>O157:H7",alldata_newdb!Q:Q, CONCATENATE("*",J40,"*"), alldata_newdb!L:L, "Environment") -> 0 | M40: =COUNTIFS(alldata_newdb!M:M, "<>O157:H7",alldata_newdb!Q:Q, CONCATENATE("*",J40,"*"), alldata_newdb!L:L, "Flour") -> 0 | N40: =COUNTIFS(alldata_newdb!M:M, "<>O157:H7",alldata_newdb!Q:Q, CONCATENATE("*",J40,"*"), alldata_newdb!L:L, "Meat") -> 0 | O40: =COUNTIFS(alldata_newdb!M:M, "<>O157:H7",alldata_newdb!Q:Q, CONCATENATE("*",J40,"*"), alldata_newdb!L:L, "Lamb") -> 12 | P40: =COUNTIFS(alldata_newdb!M:M, "<>O157:H7",alldata_newdb!Q:Q, CONCATENATE("*",J40,"*"), alldata_newdb!L:L, "Nuts/Seeds") -> 0 | Q40: =COUNTIFS(alldata_newdb!M:M, "<>O157:H7",alldata_newdb!Q:Q, CONCATENATE("*",J40,"*"), alldata_newdb!L:L, "Other") -> 2 | R40: =COUNTIFS(alldata_newdb!M:M, "<>O157:H7",alldata_newdb!Q:Q, CONCATENATE("*",J40,"*"), alldata_newdb!L:L, "Vegetable") -> 0 | S40: =SUM(K40:R40) -> 14
A41: StxOp1448_Stx2c_152 | StxOp3298_Stx2b_23 | E41: 1 | G41: 1 | J41: Stx1d | K41: =COUNTIFS(alldata_newdb!M:M, "<>O157:H7", alldata_newdb!Q:Q, CONCATENATE("*",J41,"*"), alldata_newdb!L:L, "Dairy") -> 0 | L41: =COUNTIFS(alldata_newdb!M:M, "<>O157:H7",alldata_newdb!Q:Q, CONCATENATE("*",J41,"*"), alldata_newdb!L:L, "Environment") -> 0 | M41: =COUNTIFS(alldata_newdb!M:M, "<>O157:H7",alldata_newdb!Q:Q, CONCATENATE("*",J41,"*"), alldata_newdb!L:L, "Flour") -> 0 | N41: =COUNTIFS(alldata_newdb!M:M, "<>O157:H7",alldata_newdb!Q:Q, CONCATENATE("*",J41,"*"), alldata_newdb!L:L, "Meat") -> 0 | O41: =COUNTIFS(alldata_newdb!M:M, "<>O157:H7",alldata_newdb!Q:Q, CONCATENATE("*",J41,"*"), alldata_newdb!L:L, "Lamb") -> 0 | P41: =COUNTIFS(alldata_newdb!M:M, "<>O157:H7",alldata_newdb!Q:Q, CONCATENATE("*",J41,"*"), alldata_newdb!L:L, "Nuts/Seeds") -> 1 | Q41: =COUNTIFS(alldata_newdb!M:M, "<>O157:H7",alldata_newdb!Q:Q, CONCATENATE("*",J41,"*"), alldata_newdb!L:L, "Other") -> 0 | R41: =COUNTIFS(alldata_newdb!M:M, "<>O157:H7",alldata_newdb!Q:Q, CONCATENATE("*",J41,"*"), alldata_newdb!L:L, "Vegetable") -> 0 | S41: =SUM(K41:R41) -> 1
A42: StxOp1450_Stx2c_152 | D42: 1
A43: StxOp1486_Stx2d_112 | E43: 2 | J43: countifs (to count number of rows | K43: Dairy | L43: Environment | M43: Flour | N43: Meat | O43: Lamb | P43: Nuts/Seeds | Q43: Other | R43: Vegetable | S43: TOTAL
A44: StxOp15_Stx1a_21 | E44: 1 | J44: Stx1a | K44: 0 | L44: 0 | M44: 5 | N44: 61 | O44: 8 | P44: 4 | Q44: 15 | R44: 0 | S44: 93
A45: StxOp1568_Stx2e_36 | E45: 1 | J45: Stx2a | K45: 0 | L45: 0 | M45: 23 | N45: 18 | O45: 0 | P45: 13 | Q45: 8 | R45: 2 | S45: 64
A46: StxOp1571_Stx2e_146 | E46: 1 | J46: Stx2d | K46: 3 | L46: 0 | M46: 0 | N46: 15 | O46: 0 | P46: 0 | Q46: 2 | R46: 0 | S46: 20
A47: StxOp1577_Stx1a_9 | E47: 6 | G47: 2 | J47: Stx2c | K47: 0 | L47: 0 | M47: 1 | N47: 15 | O47: 0 | P47: 3 | Q47: 4 | R47: 0 | S47: 23
A48: StxOp1577_Stx1a_9 | StxOp419_Stx2a_1 | H48: 1 | J48: Stx1c | K48: 0 | L48: 0 | M48: 1 | N48: 52 | O48: 28 | P48: 0 | Q48: 24 | R48: 0 | S48: 105
A49: StxOp1577_Stx1a_9 | StxOp702_Stx2c_17 | E49: 3 | J49: Stx2b | K49: 0 | L49: 0 | M49: 0 | N49: 63 | O49: 23 | P49: 0 | Q49: 27 | R49: 0 | S49: 113
A50: StxOp1580_Stx1a_9 | E50: 11 | G50: 2 | J50: Stx2k | K50: 0 | L50: 0 | M50: 0 | N50: 1 | O50: 0 | P50: 0 | Q50: 0 | R50: 0 | S50: 1
A51: StxOp1594_Stx1a_9 | E51: 2 | G51: 1 | J51: Stx2e | K51: 0 | L51: 0 | M51: 0 | N51: 7 | O51: 1 | P51: 0 | Q51: 0 | R51: 0 | S51: 8
A52: StxOp16_Stx1a_24 | StxOp1096_Stx2a_6 | E52: 1 | J52: Stx2g | K52: 0 | L52: 0 | M52: 0 | N52: 2 | O52: 0 | P52: 0 | Q52: 1 | R52: 0 | S52: 3
A53: StxOp1687_Stx1a_9 | StxOp702_Stx2c_17 | E53: 1 | J53: Stx2i | K53: 0 | L53: 0 | M53: 0 | N53: 0 | O53: 12 | P53: 0 | Q53: 2 | R53: 0 | S53: 14
A54: StxOp2108_Stx1c_27 | E54: 1 | J54: Stx1d | K54: 0 | L54: 0 | M54: 0 | N54: 0 | O54: 0 | P54: 1 | Q54: 0 | R54: 0 | S54: 1
A55: StxOp3_Stx1a_9 | StxOp1089_Stx2a_1 | B55: 7 | E55: 58 | G55: 3
A56: StxOp3_Stx1a_9 | StxOp702_Stx2c_17 | E56: 3 | J56: =COUNTIF(alldata_newdb!M2:M587, "<>O157:H7") -> 350
A57: StxOp3231_Stx2a_1126 | StxOp3_Stx1a_9 | E57: 1
A58: StxOp3298_Stx2b_23 | E58: 2 | G58: 1
A59: StxOp3320_Stx2b_101 | StxOp4754_Stx1c_708 | E59: 2 | G59: 1
A60: StxOp3564_Stx2b_118 | StxOp1339_Stx2b_109 | E60: 1
A61: StxOp3673_Stx2b_508 | StxOp399_Stx1c_12 | E61: 1 | G61: 1
A62: StxOp399_Stx1c_12 | E62: 3
A63: StxOp4_Stx1a_9 | D63: 4 | E63: 12
A64: StxOp4081_Stx2c_106 | C64: 2 | E64: 1
A65: StxOp4081_Stx2c_106 | StxOp3_Stx1a_9 | C65: 1
A66: StxOp419_Stx2a_1 | D66: 10 | E66: 1 | F66: 2 | G66: 2
A67: StxOp4303_Stx2c_1247 | C67: 1
A68: StxOp432_Stx2a_30 | D68: 12 | F68: 6
A69: StxOp439_Stx2a_107 | E69: 1
A70: StxOp4587_Stx2e_25 | E70: 5
A71: StxOp4754_Stx1c_708 | E71: 8 | G71: 3
A72: StxOp4754_Stx1c_708 | StxOp1348_Stx2b_110 | E72: 1 | G72: 1
A73: StxOp594_Stx2a_567 | H73: 2
A74: StxOp653_Stx2b_23 | StxOp399_Stx1c_12 | E74: 1
A75: StxOp669_Stx2b_105 | E75: 5
A76: StxOp671_Stx2b_110 | StxOp4754_Stx1c_708 | E76: 1 | G76: 1
A77: StxOp675_Stx2b_116 | E77: 2 | G77: 2
A78: StxOp675_Stx2b_116 | StxOp13_Stx1a_19 | E78: 19 | G78: 4
A79: StxOp675_Stx2b_116 | StxOp1593_Stx1a_9 | E79: 1 | G79: 1
A80: StxOp675_Stx2b_116 | StxOp399_Stx1c_12 | E80: 1
A81: StxOp677_Stx2b_120 | StxOp1037_Stx1c_26 | E81: 1 | G81: 1
A82: StxOp678_Stx2b_122 | StxOp13_Stx1a_19 | E82: 2
A83: StxOp702_Stx2c_17 | C83: 3 | E83: 24
A84: StxOp702_Stx2c_17 | StxOp1577_Stx1a_9 | E84: 4
A85: StxOp702_Stx2c_17 | StxOp3_Stx1a_9 | E85: 2
A86: StxOp716_Stx2c_106 | E86: 2 | F86: 2
A87: StxOp826_Stx2d_9 | E87: 1
A88: StxOp827_Stx2d_10 | E88: 6
A89: StxOp829_Stx2d_27 | B89: 3
A90: StxOp840_Stx2d_99 | E90: 1
A91: StxOp840_Stx2d_99 | StxOp4_Stx1a_9 | E91: 2 | G91: 1
A92: StxOp841_Stx2d_100 | E92: 3 | G92: 1
A93: StxOp898_Stx2e_25 | E93: 1
A94: StxOp9_Stx1a_15 | E94: 1 | G94: 1
A95: StxOp923_Stx2g_26 | E95: 1 | G95: 1
A96: StxOp927_Stx2g_147 | E96: 1
A97: StxOp933_Stx2i_43 | E97: 12 | G97: 4
A98: StxOp943_Stx2k_40 | StxOp432_Stx2a_30 | E98: 1
A99: StxOp966_Stx1a_18 | StxOp1168_Stx2a_16 | F99: 1
A100: #N/A | H100: 1
...

Sheet new_stx_by_source
A1: Count of Source1 | B1: Column Labels | N1: countifs (to count number of rows | O1: Dairy | P1: Environment | Q1: Flour | R1: Meat | S1: Lamb | T1: Nuts/Seeds | U1: Other | V1: Vegetable | W1: TOTAL
A2: Row Labels | B2: Dairy | C2: Environment | D2: Flour | E2: Meat | F2: Nuts/Seeds | G2: Other | H2: Vegetable | I2: (blank) | J2: Grand Total | N2: Stx1a | O2: =SUMIF($A$3:$A$27,CONCATENATE("*",N2,"*"),$B$3:$B$27) -> 8 | P2: =SUMIF($A$3:$A$27,CONCATENATE("*",N2,"*"),$C$3:$C$27) -> 3 | Q2: =SUMIF($A$3:$A$27,CONCATENATE("*",N2,"*"),$D$3:$D$27) -> 5 | R2: =SUMIF($A$3:$A$27,CONCATENATE("*",N2,"*"),$E$3:$E$27) -> 204 | T2: =SUMIF($A$3:$A$27,CONCATENATE("*",N2,"*"),$F$3:$F$27) -> 4 | U2: =SUMIF($A$3:$A$27,CONCATENATE("*",N2,"*"),$G$3:$G$27) -> 1 | V2: =SUMIF($A$3:$A$27,CONCATENATE("*",N2,"*"),$H$3:$H$27) -> 2 | W2: =SUMIF($A$3:$A$27,CONCATENATE("*",N2,"*"),$J$3:$J$27) -> 227 | Y2: 227
A3: ND | E3: 4 | J3: 4 | N3: Stx2a | O3: =SUMIF($A$3:$A$27,CONCATENATE("*",N3,"*"),$B$3:$B$27) -> 10 | P3: =SUMIF($A$3:$A$27,CONCATENATE("*",N3,"*"),$C$3:$C$27) -> 2 | Q3: =SUMIF($A$3:$A$27,CONCATENATE("*",N3,"*"),$D$3:$D$27) -> 23 | R3: =SUMIF($A$3:$A$27,CONCATENATE("*",N3,"*"),$E$3:$E$27) -> 176 | T3: =SUMIF($A$3:$A$27,CONCATENATE("*",N3,"*"),$F$3:$F$27) -> 14 | U3: =SUMIF($A$3:$A$27,CONCATENATE("*",N3,"*"),$G$3:$G$27) -> 1 | V3: =SUMIF($A$3:$A$27,CONCATENATE("*",N3,"*"),$H$3:$H$27) -> 4 | W3: =SUMIF($A$3:$A$27,CONCATENATE("*",N3,"*"),$J$3:$J$27) -> 230 | Y3: 230
A4: Stx1a | D4: 4 | E4: 33 | J4: 37 | N4: Stx2d | O4: =SUMIF($A$3:$A$27,CONCATENATE("*",N4,"*"),$B$3:$B$27) -> 3 | P4: =SUMIF($A$3:$A$27,CONCATENATE("*",N4,"*"),$C$3:$C$27) -> 0 | Q4: =SUMIF($A$3:$A$27,CONCATENATE("*",N4,"*"),$D$3:$D$27) -> 0 | R4: =SUMIF($A$3:$A$27,CONCATENATE("*",N4,"*"),$E$3:$E$27) -> 15 | T4: =SUMIF($A$3:$A$27,CONCATENATE("*",N4,"*"),$F$3:$F$27) -> 0 | U4: =SUMIF($A$3:$A$27,CONCATENATE("*",N4,"*"),$G$3:$G$27) -> 0 | V4: =SUMIF($A$3:$A$27,CONCATENATE("*",N4,"*"),$H$3:$H$27) -> 0 | W4: =SUMIF($A$3:$A$27,CONCATENATE("*",N4,"*"),$J$3:$J$27) -> 18 | Y4: 18
A5: Stx1a,Stx2a | B5: 7 | E5: 60 | F5: 1 | H5: 1 | J5: 69 | N5: Stx2c | O5: =SUMIF($A$3:$A$27,CONCATENATE("*",N5,"*"),$B$3:$B$27) -> 0 | P5: =SUMIF($A$3:$A$27,CONCATENATE("*",N5,"*"),$C$3:$C$27) -> 7 | Q5: =SUMIF($A$3:$A$27,CONCATENATE("*",N5,"*"),$D$3:$D$27) -> 1 | R5: =SUMIF($A$3:$A$27,CONCATENATE("*",N5,"*"),$E$3:$E$27) -> 52 | T5: =SUMIF($A$3:$A$27,CONCATENATE("*",N5,"*"),$F$3:$F$27) -> 3 | U5: =SUMIF($A$3:$A$27,CONCATENATE("*",N5,"*"),$G$3:$G$27) -> 0 | V5: =SUMIF($A$3:$A$27,CONCATENATE("*",N5,"*"),$H$3:$H$27) -> 0 | W5: =SUMIF($A$3:$A$27,CONCATENATE("*",N5,"*"),$J$3:$J$27) -> 63 | Y5: 63
A6: Stx1a,Stx2c | E6: 7 | J6: 7 | N6: Stx1c | O6: =SUMIF($A$3:$A$27,CONCATENATE("*",N6,"*"),$B$3:$B$27) -> 0 | P6: =SUMIF($A$3:$A$27,CONCATENATE("*",N6,"*"),$C$3:$C$27) -> 0 | Q6: =SUMIF($A$3:$A$27,CONCATENATE("*",N6,"*"),$D$3:$D$27) -> 1 | R6: =SUMIF($A$3:$A$27,CONCATENATE("*",N6,"*"),$E$3:$E$27) -> 80 | T6: =SUMIF($A$3:$A$27,CONCATENATE("*",N6,"*"),$F$3:$F$27) -> 0 | U6: =SUMIF($A$3:$A$27,CONCATENATE("*",N6,"*"),$G$3:$G$27) -> 0 | V6: =SUMIF($A$3:$A$27,CONCATENATE("*",N6,"*"),$H$3:$H$27) -> 0 | W6: =SUMIF($A$3:$A$27,CONCATENATE("*",N6,"*"),$J$3:$J$27) -> 81 | Y6: 81
A7: Stx1c | D7: 1 | E7: 35 | J7: 36 | N7: Stx2b | O7: =SUMIF($A$3:$A$27,CONCATENATE("*",N7,"*"),$B$3:$B$27) -> 0 | P7: =SUMIF($A$3:$A$27,CONCATENATE("*",N7,"*"),$C$3:$C$27) -> 0 | Q7: =SUMIF($A$3:$A$27,CONCATENATE("*",N7,"*"),$D$3:$D$27) -> 0 | R7: =SUMIF($A$3:$A$27,CONCATENATE("*",N7,"*"),$E$3:$E$27) -> 86 | T7: =SUMIF($A$3:$A$27,CONCATENATE("*",N7,"*"),$F$3:$F$27) -> 0 | U7: =SUMIF($A$3:$A$27,CONCATENATE("*",N7,"*"),$G$3:$G$27) -> 0 | V7: =SUMIF($A$3:$A$27,CONCATENATE("*",N7,"*"),$H$3:$H$27) -> 0 | W7: =SUMIF($A$3:$A$27,CONCATENATE("*",N7,"*"),$J$3:$J$27) -> 86 | Y7: 86
A8: Stx1c,Stx2b | E8: 1 | J8: 1 | N8: Stx2k | O8: =SUMIF($A$3:$A$27,CONCATENATE("*",N8,"*"),$B$3:$B$27) -> 0 | P8: =SUMIF($A$3:$A$27,CONCATENATE("*",N8,"*"),$C$3:$C$27) -> 0 | Q8: =SUMIF($A$3:$A$27,CONCATENATE("*",N8,"*"),$D$3:$D$27) -> 0 | R8: =SUMIF($A$3:$A$27,CONCATENATE("*",N8,"*"),$E$3:$E$27) -> 1 | T8: =SUMIF($A$3:$A$27,CONCATENATE("*",N8,"*"),$F$3:$F$27) -> 0 | U8: =SUMIF($A$3:$A$27,CONCATENATE("*",N8,"*"),$G$3:$G$27) -> 0 | V8: =SUMIF($A$3:$A$27,CONCATENATE("*",N8,"*"),$H$3:$H$27) -> 0 | W8: =SUMIF($A$3:$A$27,CONCATENATE("*",N8,"*"),$J$3:$J$27) -> 1 | Y8: 1
A9: Stx1d | F9: 1 | J9: 1 | N9: Stx2e | O9: =SUMIF($A$3:$A$27,CONCATENATE("*",N9,"*"),$B$3:$B$27) -> 0 | P9: =SUMIF($A$3:$A$27,CONCATENATE("*",N9,"*"),$C$3:$C$27) -> 0 | Q9: =SUMIF($A$3:$A$27,CONCATENATE("*",N9,"*"),$D$3:$D$27) -> 0 | R9: =SUMIF($A$3:$A$27,CONCATENATE("*",N9,"*"),$E$3:$E$27) -> 8 | T9: =SUMIF($A$3:$A$27,CONCATENATE("*",N9,"*"),$F$3:$F$27) -> 0 | U9: =SUMIF($A$3:$A$27,CONCATENATE("*",N9,"*"),$G$3:$G$27) -> 0 | V9: =SUMIF($A$3:$A$27,CONCATENATE("*",N9,"*"),$H$3:$H$27) -> 0 | W9: =SUMIF($A$3:$A$27,CONCATENATE("*",N9,"*"),$J$3:$J$27) -> 8 | Y9: 8
A10: Stx2a | B10: 2 | D10: 22 | E10: 46 | F10: 10 | H10: 2 | J10: 82 | N10: Stx2g | O10: =SUMIF($A$3:$A$27,CONCATENATE("*",N10,"*"),$B$3:$B$27) -> 0 | P10: =SUMIF($A$3:$A$27,CONCATENATE("*",N10,"*"),$C$3:$C$27) -> 0 | Q10: =SUMIF($A$3:$A$27,CONCATENATE("*",N10,"*"),$D$3:$D$27) -> 0 | R10: =SUMIF($A$3:$A$27,CONCATENATE("*",N10,"*"),$E$3:$E$27) -> 2 | T10: =SUMIF($A$3:$A$27,CONCATENATE("*",N10,"*"),$F$3:$F$27) -> 0 | U10: =SUMIF($A$3:$A$27,CONCATENATE("*",N10,"*"),$G$3:$G$27) -> 0 | V10: =SUMIF($A$3:$A$27,CONCATENATE("*",N10,"*"),$H$3:$H$27) -> 0 | W10: =SUMIF($A$3:$A$27,CONCATENATE("*",N10,"*"),$J$3:$J$27) -> 2 | Y10: 2
A11: Stx2a,Stx1a | B11: 1 | C11: 2 | D11: 1 | E11: 68 | F11: 3 | G11: 1 | H11: 1 | J11: 77 | N11: Stx2i | O11: =SUMIF($A$3:$A$27,CONCATENATE("*",N11,"*"),$B$3:$B$27) -> 0 | P11: =SUMIF($A$3:$A$27,CONCATENATE("*",N11,"*"),$C$3:$C$27) -> 0 | Q11: =SUMIF($A$3:$A$27,CONCATENATE("*",N11,"*"),$D$3:$D$27) -> 0 | R11: =SUMIF($A$3:$A$27,CONCATENATE("*",N11,"*"),$E$3:$E$27) -> 12 | T11: =SUMIF($A$3:$A$27,CONCATENATE("*",N11,"*"),$F$3:$F$27) -> 0 | U11: =SUMIF($A$3:$A$27,CONCATENATE("*",N11,"*"),$G$3:$G$27) -> 0 | V11: =SUMIF($A$3:$A$27,CONCATENATE("*",N11,"*"),$H$3:$H$27) -> 0 | W11: =SUMIF($A$3:$A$27,CONCATENATE("*",N11,"*"),$J$3:$J$27) -> 12 | Y11: 12
A12: Stx2a,Stx2b,Stx1c | E12: 1 | J12: 1 | N12: Stx1d | O12: =SUMIF($A$3:$A$27,CONCATENATE("*",N12,"*"),$B$3:$B$27) -> 0 | P12: =SUMIF($A$3:$A$27,CONCATENATE("*",N12,"*"),$C$3:$C$27) -> 0 | Q12: =SUMIF($A$3:$A$27,CONCATENATE("*",N12,"*"),$D$3:$D$27) -> 0 | R12: =SUMIF($A$3:$A$27,CONCATENATE("*",N12,"*"),$E$3:$E$27) -> 0 | T12: =SUMIF($A$3:$A$27,CONCATENATE("*",N12,"*"),$F$3:$F$27) -> 1 | U12: =SUMIF($A$3:$A$27,CONCATENATE("*",N12,"*"),$G$3:$G$27) -> 0 | V12: =SUMIF($A$3:$A$27,CONCATENATE("*",N12,"*"),$H$3:$H$27) -> 0 | W12: =SUMIF($A$3:$A$27,CONCATENATE("*",N12,"*"),$J$3:$J$27) -> 1 | Y12: 1
A13: Stx2b | E13: 11 | J13: 11 | N13: Stx2h | O13: =SUMIF($A$3:$A$27,CONCATENATE("*",N13,"*"),$B$3:$B$27) -> 0 | P13: =SUMIF($A$3:$A$27,CONCATENATE("*",N13,"*"),$C$3:$C$27) -> 0 | Q13: =SUMIF($A$3:$A$27,CONCATENATE("*",N13,"*"),$D$3:$D$27) -> 0 | R13: =SUMIF($A$3:$A$27,CONCATENATE("*",N13,"*"),$E$3:$E$27) -> 0 | T13: =SUMIF($A$3:$A$27,CONCATENATE("*",N13,"*"),$F$3:$F$27) -> 0 | U13: =SUMIF($A$3:$A$27,CONCATENATE("*",N13,"*"),$G$3:$G$27) -> 0 | V13: =SUMIF($A$3:$A$27,CONCATENATE("*",N13,"*"),$H$3:$H$27) -> 1 | W13: =SUMIF($A$3:$A$27,CONCATENATE("*",N13,"*"),$J$3:$J$27) -> 1 | Y13: 1
A14: Stx2b,Stx1a | E14: 28 | J14: 28 | N14: Stx2j | O14: =SUMIF($A$3:$A$27,CONCATENATE("*",N14,"*"),$B$3:$B$27) -> 0 | P14: =SUMIF($A$3:$A$27,CONCATENATE("*",N14,"*"),$C$3:$C$27) -> 0 | Q14: =SUMIF($A$3:$A$27,CONCATENATE("*",N14,"*"),$D$3:$D$27) -> 0 | R14: =SUMIF($A$3:$A$27,CONCATENATE("*",N14,"*"),$E$3:$E$27) -> 0 | T14: =SUMIF($A$3:$A$27,CONCATENATE("*",N14,"*"),$F$3:$F$27) -> 0 | U14: =SUMIF($A$3:$A$27,CONCATENATE("*",N14,"*"),$G$3:$G$27) -> 0 | V14: =SUMIF($A$3:$A$27,CONCATENATE("*",N14,"*"),$H$3:$H$27) -> 1 | W14: =SUMIF($A$3:$A$27,CONCATENATE("*",N14,"*"),$J$3:$J$27) -> 1 | Y14: 1
A15: Stx2b,Stx1c | E15: 43 | J15: 43
A16: Stx2b,Stx2b | E16: 1 | J16: 1
A17: Stx2c | C17: 6 | D17: 1 | E17: 38 | F17: 3 | J17: 48 | N17: Stx Protein | O17: Dairy | P17: Environment | Q17: Flour | R17: Meat | S17: Nuts/Seeds | T17: Other | U17: Vegetable
A18: Stx2c,Stx1a | C18: 1 | E18: 6 | J18: 7 | N18: Stx1a | O18: 8 | P18: 3 | Q18: 5 | R18: 204 | S18: 4 | T18: 1 | U18: 2
A19: Stx2c,Stx2b | E19: 1 | J19: 1 | N19: Stx2a | O19: 10 | P19: 2 | Q19: 23 | R19: 176 | S19: 14 | T19: 1 | U19: 4
A20: Stx2d | B20: 3 | E20: 13 | J20: 16 | N20: Stx2d | O20: 3 | P20: - | Q20: - | R20: 15 | S20: - | T20: - | U20: -
A21: Stx2d,Stx1a | E21: 2 | J21: 2 | N21: Stx2c | O21: - | P21: 7 | Q21: 1 | R21: 52 | S21: 3 | T21: - | U21: -
A22: Stx2e | E22: 8 | J22: 8 | N22: Stx1c | O22: - | P22: - | Q22: 1 | R22: 80 | S22: - | T22: - | U22: -
A23: Stx2g | E23: 2 | J23: 2 | N23: Stx2b | O23: - | P23: - | Q23: - | R23: 86 | S23: - | T23: - | U23: -
A24: Stx2h | H24: 1 | J24: 1 | N24: Stx2k | O24: - | P24: - | Q24: - | R24: 1 | S24: - | T24: - | U24: -
A25: Stx2i | E25: 12 | J25: 12 | N25: Stx2e | O25: - | P25: - | Q25: - | R25: 8 | S25: - | T25: - | U25: -
A26: Stx2j | H26: 1 | J26: 1 | N26: Stx2g | O26: - | P26: - | Q26: - | R26: 2 | S26: - | T26: - | U26: -
A27: Stx2k,Stx2a | E27: 1 | J27: 1 | N27: Stx2i | O27: - | P27: - | Q27: - | R27: 12 | S27: - | T27: - | U27: -
A28: (blank) | N28: Stx1d | O28: - | P28: - | Q28: - | R28: - | S28: 1 | T28: - | U28: -
A29: Grand Total | B29: 13 | C29: 9 | D29: 29 | E29: 421 | F29: 18 | G29: 1 | H29: 6 | J29: 497 | N29: Stx2h | O29: - | P29: - | Q29: - | R29: - | S29: - | T29: - | U29: 1
N30: Stx2j | O30: - | P30: - | Q30: - | R30: - | S30: - | T30: - | U30: 1

Sheet stx_pies_497
A1: x_axis | B1: radius | C1: number_seqs | D1: protein_y_name | E1: total_protein | F1: Source | G1: total_source | H1: value | I1: y_axis | J1: Facet | K1: x_axis2 | L1: radius2
A2: 5 | B2: 12 | C2: 497 | D2: Stx1a | E2: 227 | F2: Dairy | G2: 8 | H2: =G2/E2*100 -> 3.5242291 | I2: =E2/C2*100 -> 45.674044 | J2: Including O157 | K2: 5 | L2: 17
A3: 35 | B3: 12 | C3: 497 | D3: Stx2a | E3: 230 | F3: Dairy | G3: 10 | H3: =G3/E3*100 -> 4.3478261 | I3: =E3/C3*100 -> 46.277666 | J3: Including O157 | K3: =K2+35 -> 40 | L3: 17
A4: 60 | B4: 12 | C4: 497 | D4: Stx2d | E4: 18 | F4: Dairy | G4: 3 | H4: =G4/E4*100 -> 16.666667 | I4: =E4/C4*100 -> 3.6217304 | J4: Including O157 | K4: =K3+35 -> 75 | L4: 17
A5: 85 | B5: 12 | C5: 497 | D5: Stx2c | E5: 63 | F5: Dairy | G5: 0 | H5: =G5/E5*100 -> 0 | I5: =E5/C5*100 -> 12.676056 | J5: Including O157 | K5: =K4+35 -> 110 | L5: 17
A6: 110 | B6: 12 | C6: 497 | D6: Stx1c | E6: 81 | F6: Dairy | G6: 0 | H6: =G6/E6*100 -> 0 | I6: =E6/C6*100 -> 16.297787 | J6: Including O157 | K6: =K5+35 -> 145 | L6: 17
A7: 135 | B7: 12 | C7: 497 | D7: Stx2b | E7: 86 | F7: Dairy | G7: 0 | H7: =G7/E7*100 -> 0 | I7: =E7/C7*100 -> 17.303823 | J7: Including O157 | K7: =K6+35 -> 180 | L7: 17
A8: 160 | B8: 12 | C8: 497 | D8: Stx2k | E8: 1 | F8: Dairy | G8: 0 | H8: =G8/E8*100 -> 0 | I8: =E8/C8*100 -> 0.20120724 | J8: Including O157 | K8: =K7+35 -> 215 | L8: 17
A9: 185 | B9: 12 | C9: 497 | D9: Stx2e | E9: 8 | F9: Dairy | G9: 0 | H9: =G9/E9*100 -> 0 | I9: =E9/C9*100 -> 1.6096579 | J9: Including O157 | K9: =K8+35 -> 250 | L9: 17
A10: 210 | B10: 12 | C10: 497 | D10: Stx2g | E10: 2 | F10: Dairy | G10: 0 | H10: =G10/E10*100 -> 0 | I10: =E10/C10*100 -> 0.40241449 | J10: Including O157 | K10: =K9+35 -> 285 | L10: 17
A11: 235 | B11: 12 | C11: 497 | D11: Stx2i | E11: 12 | F11: Dairy | G11: 0 | H11: =G11/E11*100 -> 0 | I11: =E11/C11*100 -> 2.4144869 | J11: Including O157 | K11: =K10+35 -> 320 | L11: 17
A12: 260 | B12: 12 | C12: 497 | D12: Stx1d | E12: 1 | F12: Dairy | G12: 0 | H12: =G12/E12*100 -> 0 | I12: =E12/C12*100 -> 0.20120724 | J12: Including O157 | K12: =K11+35 -> 355 | L12: 17
A13: 285 | B13: 12 | C13: 497 | D13: Stx2h | E13: 1 | F13: Dairy | G13: 0 | H13: =G13/E13*100 -> 0 | I13: =E13/C13*100 -> 0.20120724 | J13: Including O157 | K13: =K12+35 -> 390 | L13: 17
A14: 310 | B14: 12 | C14: 497 | D14: Stx2j | E14: 1 | F14: Dairy | G14: 0 | H14: =G14/E14*100 -> 0 | I14: =E14/C14*100 -> 0.20120724 | J14: Including O157 | K14: =K13+35 -> 425 | L14: 17
A15: 5 | B15: 12 | C15: 497 | D15: Stx1a | E15: 227 | F15: Environment | G15: 3 | H15: =G15/E15*100 -> 1.3215859 | I15: =E15/C15*100 -> 45.674044 | J15: Including O157 | K15: 5 | L15: 17
A16: 35 | B16: 12 | C16: 497 | D16: Stx2a | E16: 230 | F16: Environment | G16: 2 | H16: =G16/E16*100 -> 0.86956522 | I16: =E16/C16*100 -> 46.277666 | J16: Including O157 | K16: 40 | L16: 17
A17: 60 | B17: 12 | C17: 497 | D17: Stx2d | E17: 18 | F17: Environment | G17: 0 | H17: =G17/E17*100 -> 0 | I17: =E17/C17*100 -> 3.6217304 | J17: Including O157 | K17: 75 | L17: 17
A18: 85 | B18: 12 | C18: 497 | D18: Stx2c | E18: 63 | F18: Environment | G18: 7 | H18: =G18/E18*100 -> 11.111111 | I18: =E18/C18*100 -> 12.676056 | J18: Including O157 | K18: 110 | L18: 17
A19: 110 | B19: 12 | C19: 497 | D19: Stx1c | E19: 81 | F19: Environment | G19: 0 | H19: =G19/E19*100 -> 0 | I19: =E19/C19*100 -> 16.297787 | J19: Including O157 | K19: 145 | L19: 17
A20: 135 | B20: 12 | C20: 497 | D20: Stx2b | E20: 86 | F20: Environment | G20: 0 | H20: =G20/E20*100 -> 0 | I20: =E20/C20*100 -> 17.303823 | J20: Including O157 | K20: 180 | L20: 17
A21: 160 | B21: 12 | C21: 497 | D21: Stx2k | E21: 1 | F21: Environment | G21: 0 | H21: =G21/E21*100 -> 0 | I21: =E21/C21*100 -> 0.20120724 | J21: Including O157 | K21: 215 | L21: 17
A22: 185 | B22: 12 | C22: 497 | D22: Stx2e | E22: 8 | F22: Environment | G22: 0 | H22: =G22/E22*100 -> 0 | I22: =E22/C22*100 -> 1.6096579 | J22: Including O157 | K22: 250 | L22: 17
A23: 210 | B23: 12 | C23: 497 | D23: Stx2g | E23: 2 | F23: Environment | G23: 0 | H23: =G23/E23*100 -> 0 | I23: =E23/C23*100 -> 0.40241449 | J23: Including O157 | K23: 285 | L23: 17
A24: 235 | B24: 12 | C24: 497 | D24: Stx2i | E24: 12 | F24: Environment | G24: 0 | H24: =G24/E24*100 -> 0 | I24: =E24/C24*100 -> 2.4144869 | J24: Including O157 | K24: 320 | L24: 17
A25: 260 | B25: 12 | C25: 497 | D25: Stx1d | E25: 1 | F25: Environment | G25: 0 | H25: =G25/E25*100 -> 0 | I25: =E25/C25*100 -> 0.20120724 | J25: Including O157 | K25: 355 | L25: 17
A26: 285 | B26: 12 | C26: 497 | D26: Stx2h | E26: 1 | F26: Environment | G26: 0 | H26: =G26/E26*100 -> 0 | I26: =E26/C26*100 -> 0.20120724 | J26: Including O157 | K26: 390 | L26: 17
... A92: 310 | B92: 12 | C92: 497 | D92: Stx2j | E92: 1 | F92: Vegetable | G92: 1 | H92: =G92/E92*100 -> 100 | I92: =E92/C92*100 -> 0.20120724 | J92: Including O157 | K92: 425 | L92: 17

Sheet Sheet14
A3: Count of Vtx | B3: Column Labels
A4: Row Labels | B4: Dairy | C4: Flour | D4: Lamb | E4: Meat | F4: Nuts/Seeds | G4: Other | H4: Vegetable | I4: (blank) | J4: Grand Total
A5: aggR | G5: 3 | J5: 3
A6: eae | G6: 1 | J6: 1
A7: ND | E7: 1 | G7: 7 | J7: 8
A8: stx1a, eae | G8: 11 | J8: 11
A9: stx1a, stx2a | G9: 1 | J9: 1
A10: stx1a, stx2a, eae | G10: 4 | J10: 4
A11: stx1a, stx2c,eae | G11: 1 | J11: 1
A12: stx1d | G12: 1 | J12: 1
A13: stx2a, aggR | G13: 1 | J13: 1
A14: stx2a, eae | G14: 2 | J14: 2
A15: stx2a, stx2d | G15: 1 | J15: 1
A16: stx2c,eae | G16: 1 | J16: 1
A17: stx2h | H17: 1 | J17: 1
A18: vtx1a | C18: 5 | E18: 37 | G18: 9 | J18: 51
A19: vtx1a,vtx2b | E19: 1 | J19: 1
A20: vtx1a,vtx2c | E20: 1 | J20: 1
A21: vtx1a;vtx1c;vtx2b | E21: 1 | J21: 1
A22: vtx1a;vtx2a | C22: 9 | E22: 40 | F22: 14 | G22: 50 | H22: 2 | J22: 115
A23: vtx1a;vtx2a (interrupted) | E23: 1 | J23: 1
A24: vtx1a;vtx2b | D24: 8 | E24: 17 | G24: 1 | J24: 26
A25: vtx1a;vtx2c | C25: 1 | E25: 2 | G25: 10 | J25: 13
A26: vtx1a;vtx2d | E26: 2 | J26: 2
A27: vtx1c | B27: 2 | D27: 13 | E27: 15 | G27: 8 | J27: 38
A28: vtx1c,vtx2b | E28: 2 | J28: 2
A29: vtx1c;vtx2a | G29: 1 | J29: 1
A30: vtx1c;vtx2a;vtx2b | E30: 1 | J30: 1
A31: vtx1c;vtx2b | D31: 15 | E31: 23 | G31: 8 | J31: 46
A32: vtx1d | F32: 1 | G32: 4 | J32: 5
A33: vtx2a | B33: 2 | C33: 19 | E33: 33 | F33: 9 | G33: 19 | H33: 4 | J33: 86
A34: vtx2a;vtx2c | G34: 1 | J34: 1
A35: vtx2a;vtx2k | E35: 1 | J35: 1
A36: vtx2b | E36: 12 | G36: 5 | J36: 17
A37: vtx2b;vtx2c | E37: 2 | J37: 2
A38: vtx2b;vtx2c;vtx2d | G38: 1 | J38: 1
A39: vtx2b;vtx2d | E39: 2 | J39: 2
A40: vtx2c | C40: 5 | E40: 35 | F40: 4 | G40: 6 | J40: 50
A41: vtx2d | E41: 12 | G41: 8 | J41: 20
A42: vtx2e | D42: 1 | E42: 7 | G42: 3 | J42: 11
A43: vtx2f | G43: 5 | J43: 5
A44: vtx2g | E44: 2 | G44: 2 | J44: 4
A45: vtx2i | D45: 12 | J45: 12
A46: vtx2j | H46: 1 | J46: 1
A47: #N/A | C47: 1 | E47: 23 | F47: 6 | G47: 5 | J47: 35
A48: (blank)
A49: Grand Total | B49: 4 | C49: 40 | D49: 49 | E49: 273 | F49: 34 | G49: 180 | H49: 8 | J49: 588

Sheet alldata
A1: Isolate identifiers | B1: Strain | C1: Sample identifier | D1: SEQID | E1: REFSEQ | F1: NOTES | G1: VTEC | H1: terB-C | I1: TerGenes | J1: terKMA | K1: Source_HC list | L1: DB source | M1: Source1 | N1: Source2 | O1: Serotype_HC list | P1: Serotype details | Q1: GenSeekR | R1: Vtx | S1: StxDB_V1 | T1: MLST | U1: rMLST | V1: AMR2_ | W1: ROGA RDIMS | X1: BioSample | Y1: Assembly | Z1: NOTES | AA1: BioProject | AB1: SRA accession | AC1: SRA accession | AD1: Isolate | AE1: Create date | AF1: Location | AG1: WGS accession | AH1: AMR genotypes core | AI1: K-mer group | AJ1: Scientific name | AK1: Virulence genotypes | AL1: Stress genotypes | AM1: AMR genotypes | AN1: AMRFinderPlus version | AO1: PD Ref Gene Catalog version | AP1: AMRFinderPlus analysis type | AQ1: Collection date | AR1: N50 | AS1: Length | AT1: Contigs | AU1: Library layout | AV1: Species TaxID | AW1: Level | AX1: Method | AY1: TaxID | AZ1: WGS prefix | BA1: Isolation type | BB1: Food origin | BC1: SNP cluster | BD1: Min-same | BE1: Min-diff
A2: CFIAFB20170161 | B2: CFIAFB20170161 | C2: GTA-FD-2017-MI-00044 | D2: 2017-SEQ-0168 | E2: 2017-SEQ-0168 | G2: YES | H2: - | I2: terZ/A/B/C/D/E/W | J2: terA (99.83%),terB 100.00%),terC (99.90%),terD 100.00%),terE 100.00%),terZ (99.83%) | K2: Flour | L2: Flour | M2: Flour | N2: =M2 -> Flour | O2: O121:H19 | P2: O121 (100.0):H19 (98.31) | Q2: eae;hlyAEc;O121;VT2;uidA | R2: vtx2a | S2: Stx2a_1_AB030484 | T2: 655 | U2: 1692 | V2: O121 (100.0):H19 (98.31) | W2: #N/A | X2: SAMN09468192 | Y2: GCA_012165175.1 | AA2: PRJNA454819 | AB2: SRS3464494 | AC2: SRR7435868 | AD2: PDT000336889.2 | AE2: 2018-06-26T21:05:42Z | AF2: Canada | AG2: DAAZCD000000000.1 | AH2: glpT_E448K=POINT,pmrB_Y358N=POINT | AI2: PDG000000004.5130 | AJ2: Escherichia coli | AK2: eae=COMPLETE,efa1=COMPLETE,ehxA=COMPLETE,espA=COMPLETE,espB=COMPLETE,espF=COMPLETE,espI=COMPLETE,espJ=COMPLETE,espK=COMPLETE,espP=COMPLETE,espX1=MISTRANSLATION,fdeC=COMPLETE,lpfA=COMPLETE,nleA=COMPLETE,nleB=COMPLETE,nleC=COMPLETE,nleC=PARTIAL_END_OF_CONTIG,sslE=HMM,stxA2c=COMPLETE,stxB2a=COMPLETE,tccP=PARTIAL,tir=COMPLETE,toxB=COMPLETE | AL2: ariR=COMPLETE,terD=COMPLETE,terW=COMPLETE,terZ=COMPLETE | AM2: acrF=COMPLETE,blaEC=COMPLETE,glpT_E448K=POINT,mdtM=COMPLETE,pmrB_Y358N=POINT | AN2: 3.11.26 | AO2: 2023-08-08.2 | AP2: COMBINED | AQ2: 2017 | AR2: 105664 | AS2: 5188081 | AT2: 227 | AU2: PAIRED | AV2: 562 | AW2: Contig | AX2: SKESA v. 2.2 | AY2: 562 | AZ2: DAAZCD | BA2: environmental/other | BC2: PDS000011681.24 | BD2: 3 | BE2: 3
A3: CFIAFB20170177 | B3: CFIAFB20170177 | C3: BUR-FI-2017-MI-00011 | D3: 2017-BUR-0001 | E3: 2017-BUR-0001 | G3: YES | H3: - | I3: terC | J3: 0 | K3: Other-Flour | L3: Other-Flour | M3: Flour | N3: =M3 -> Flour | O3: O8:H28 | P3: O8 (99.59):H28 (99.54) | Q3: VT2;hlyAEc;uidA | R3: vtx2a | S3: Stx2a_30_MZ229605O8:H28 | T3: 4496 | U3: 33427 | V3: #N/A | W3: #N/A | X3: SAMN09468183 | Y3: GCA_012164995.1 | AA3: PRJNA454819 | AB3: SRS3464489 | AC3: SRR7435865 | AD3: PDT000336886.2 | AE3: 2018-06-26T21:05:41Z | AF3: Canada | AG3: DAAZCB000000000.1 | AH3: glpT_E448K=POINT,pmrB_Y358N=POINT | AI3: PDG000000004.5130 | AJ3: Escherichia coli | AK3: ehxA=COMPLETE,espX1=COMPLETE,fdeC=COMPLETE,lpfA=COMPLETE,sslE=HMM,stxA2d=COMPLETE,stxB2e=COMPLETE | AL3: ariR=COMPLETE | AM3: acrF=COMPLETE,blaEC=COMPLETE,glpT_E448K=POINT,mdtM=COMPLETE,pmrB_Y358N=POINT | AN3: 3.11.26 | AO3: 2023-08-08.2 | AP3: COMBINED | AQ3: 2017 | AR3: 206403 | AS3: 4959509 | AT3: 57 | AU3: PAIRED | AV3: 562 | AW3: Contig | AX3: SKESA v. 2.2 | AY3: 562 | AZ3: DAAZCB | BA3: environmental/other | BC3: PDS000035329.15 | BD3: 0 | BE3: 27
A4: CFIAFB20170178 | B4: CFIAFB20170178 | C4: GTA-FD-2017-MI-00053 | D4: 2017-GTA-0025 | E4: 2017-GTA-0025 | G4: YES | H4: - | I4: terC | J4: 0 | K4: Flour | L4: Flour | M4: Flour | N4: =M4 -> Flour | O4: O8:H28 | P4: O8 (99.59):H28 (99.54) | Q4: VT2;hlyAEc;uidA | R4: vtx2a | S4: Stx2a_30_MZ229605O8:H28 | T4: 4496 | U4: 33427 | V4: #N/A | W4: #N/A | X4: SAMN09468195 | Y4: GCA_012164435.1 | AA4: PRJNA454819 | AB4: SRS3464482 | AC4: SRR7435876 | AD4: PDT000336897.2 | AE4: 2018-06-26T21:05:43Z | AF4: Canada | AG4: DAAZBS000000000.1 | AH4: glpT_E448K=POINT,pmrB_Y358N=POINT | AI4: PDG000000004.5130 | AJ4: Escherichia coli | AK4: ehxA=COMPLETE,espX1=COMPLETE,fdeC=COMPLETE,lpfA=COMPLETE,sslE=HMM,stxA2d=COMPLETE,stxB2e=COMPLETE | AL4: ariR=COMPLETE | AM4: acrF=COMPLETE,blaEC=COMPLETE,glpT_E448K=POINT,mdtM=COMPLETE,pmrB_Y358N=POINT | AN4: 3.11.26 | AO4: 2023-08-08.2 | AP4: COMBINED | AQ4: 2017 | AR4: 151090 | AS4: 4877617 | AT4: 100 | AU4: PAIRED | AV4: 562 | AW4: Contig | AX4: SKESA v. 2.2 | AY4: 562 | AZ4: DAAZBS | BA4: environmental/other | BC4: PDS000035329.15 | BD4: 0 | BE4: 27
A5: CFIAFB20170179 | B5: CFIAFB20170179 | C5: CAL-FD-2017-MI-0209 | D5: 2017-CAL-0335 | E5: 2017-CAL-0335 | G5: YES | H5: - | I5: terC | J5: 0 | K5: Other-Flour | L5: Other-Flour | M5: Flour | N5: =M5 -> Flour | O5: O88:H25 | P5: O88 (100.0):H25 (99.92)ND | Q5: VT1;VT2;uidA | R5: vtx1a;vtx2a | S5: Stx1a_9_M19437|Stx2a_6_GQ429163 | T5: 154 | U5: 30050 | V5: #N/A | W5: #N/A | X5: SAMN09468189 | Y5: GCA_012164515.1 | AA5: PRJNA454819 | AB5: SRS3464490 | AC5: SRR7435870 | AD5: PDT000336891.2 | AE5: 2018-06-26T21:05:42Z | AF5: Canada | AG5: DAAZBV000000000.1 | AH5: glpT_E448K=POINT,pmrB_Y358N=POINT | AI5: PDG000000004.5130 | AJ5: Escherichia coli | AK5: cdtB=COMPLETE,ehxA=COMPLETE,espI=PARTIAL_END_OF_CONTIG,espX1=PARTIAL,iha=COMPLETE,lpfA=COMPLETE,stxA1a=COMPLETE,stxA2c=COMPLETE,stxB1a=COMPLETE,stxB2a=COMPLETE | AL5: ariR=COMPLETE | AM5: acrF=COMPLETE,blaEC=COMPLETE,glpT_E448K=POINT,mdtM=COMPLETE,pmrB_Y358N=POINT | AN5: 3.11.26 | AO5: 2023-08-08.2 | AP5: COMBINED | AQ5: 2017 | AR5: 172057 | AS5: 4952512 | AT5: 106 | AU5: PAIRED | AV5: 562 | AW5: Contig | AX5: SKESA v. 2.2 | AY5: 562 | AZ5: DAAZBV | BA5: environmental/other
A6: CFIAFB20170339 | B6: CFIAFB20170339 | C6: BUR-FI-2017-MI-00240 | D6: 2017-BUR-0060 | E6: 2017-BUR-0060 | G6: YES | H6: - | I6: terC | J6: 0 | K6: Raw Ground Veal | L6: Raw meat | Veal | Ground | M6: Meat | N6: Meat | O6: O171:H2 | P6: O171 (99.91):H2 (100.0) | Q6: VT2;uidA | R6: vtx2a | S6: Stx2a_183_DALPGO010000192.1 | T6: 332 | U6: 52369 | V6: aph(3'')-Ib (100.0%) ;aph(6)-Id (100.0%) Aminoglycoside;floR (98.11%) Phenicol;sul2 (100.0%) sulphonamide;tet(A) (100.0%) Tetracycline | W6: 15701181 | X6: SAMN13334750 | Y6: GCA_027234125.1 | AA6: PRJNA454819 | AB6: SRS16250847 | AC6: SRR22858703 | AD6: PDT001543040.1 | AE6: 2022-12-22T05:39:37Z | AF6: Canada | AG6: DALPGO000000000.1 | AH6: aph(3'')-Ib=COMPLETE,aph(6)-Id=COMPLETE,floR=COMPLETE,glpT_E448K=POINT,pmrB_Y358N=POINT,sul2=COMPLETE,tet(A)=COMPLETE | AI6: PDG000000004.5130 | AJ6: Escherichia coli | AK6: espX1=PARTIAL,fdeC=COMPLETE,iha=COMPLETE,lpfA-O113=COMPLETE,sslE=HMM,stxA2=COMPLETE,stxA2=PARTIAL_END_OF_CONTIG,stxB2=COMPLETE | AL6: ariR=COMPLETE,emrE=COMPLETE | AM6: acrF=COMPLETE,aph(3'')-Ib=COMPLETE,aph(6)-Id=COMPLETE,blaEC=COMPLETE,floR=COMPLETE,glpT_E448K=POINT,mdtM=COMPLETE,pmrB_Y358N=POINT,sul2=COMPLETE,tet(A)=COMPLETE | AN6: 3.12.8 | AO6: 2024-07-22.1 | AP6: COMBINED | AQ6: 2017 | AR6: 134508 | AS6: 5237255 | AT6: 193 | AU6: PAIRED | AV6: 562 | AW6: Contig | AX6: SKESA v. 2.2 | AY6: 562 | AZ6: DALPGO | BA6: environmental/other
A7: CFIAFB20170343 | B7: CFIAFB20170343 | C7: GTA-FD-2017-MI-00099 | D7: 2017-GTA-0042 | E7: 2017-GTA-0042 | G7: YES | H7: - | I7: terC | J7: 0 | K7: Flour | L7: Flour | M7: Flour | N7: Meat | O7: O187:H52 | P7: O187 (100.0):H52 (100.0) | Q7: VT1;uidA | R7: vtx1c | S7: Stx1c_12_AARXOJ010000002.1 | T7: 642 | U7: 30022 | V7: ND | W7: NO | X7: SAMN09468196 | Y7: GCA_012164875.1 | AA7: PRJNA454819 | AB7: SRS3464491 | AC7: SRR7435864 | AD7: PDT000336885.2 | AE7: 2018-06-26T21:05:41Z | AF7: Canada | AG7: DAAZCF000000000.1 | AH7: glpT_E448K=POINT,pmrB_Y358N=POINT | AI7: PDG000000004.5130 | AJ7: Escherichia coli | AK7: astA=COMPLETE,espI=COMPLETE,fdeC=COMPLETE,lpfA=COMPLETE,sslE=HMM,stxA1c=COMPLETE,stxB1c=COMPLETE | AL7: ariR=COMPLETE | AM7: acrF=COMPLETE,blaEC=COMPLETE,glpT_E448K=POINT,mdtM=COMPLETE,pmrB_Y358N=POINT | AN7: 3.11.26 | AO7: 2023-08-08.2 | AP7: COMBINED | AQ7: 2017 | AR7: 103713 | AS7: 4896546 | AT7: 159 | AU7: PAIRED | AV7: 562 | AW7: Contig | AX7: SKESA v. 2.2 | AY7: 562 | AZ7: DAAZCF | BA7: environmental/other
A8: CFIAFB20170345 | B8: CFIAFB20170345 | C8: DAR-FD-2017-MI-00455 | D8: 2017-DAR-0087 | E8: 2017-DAR-0087 | G8: YES | H8: - | I8: terC | J8: 0 | K8: Raw Ground Veal | L8: Raw meat | Veal | Ground | Lean | M8: Meat | N8: Meat | O8: O91:H14 | P8: O91 (100.0):H14 (98.85) | Q8: VT1;VT2;uidA | R8: vtx1a;vtx2b | S8: Stx1a_19_AAAAYL020000128.1|Stx2b_116_AF043627 | T8: 33 | U8: 1587 | V8: ND | W8: 10444065 | X8: SAMN13334752 | Y8: GCA_027231645.1 | AA8: PRJNA454819 | AB8: SRS16250846 | AC8: SRR22858704 | AD8: PDT001543041.1 | AE8: 2022-12-22T05:39:38Z | AF8: Canada | AG8: DALPBX000000000.1 | AH8: glpT_E448K=POINT,pmrB_Y358N=POINT | AI8: PDG000000004.5130 | AJ8: Escherichia coli | AK8: espI=COMPLETE,espX1=PARTIAL,fdeC=COMPLETE,iha=MISTRANSLATION,iha=PARTIAL_END_OF_CONTIG,ireA=COMPLETE,iucA=COMPLETE,iucB=COMPLETE,iucC=COMPLETE,iucD=COMPLETE,iutA=COMPLETE,lpfA=COMPLETE,mchB=COMPLETE,mchF=COMPLETE,senB=COMPLETE,sslE=HMM,stxA1a=COMPLETE,stxA2b=COMPLETE,stxB1a=COMPLETE,stxB2b=COMPLETE,subA=PARTIAL_END_OF_CONTIG | AL8: ariR=COMPLETE,emrE=COMPLETE | AM8: acrF=COMPLETE,blaEC=COMPLETE,glpT_E448K=POINT,mdtM=COMPLETE,pmrB_Y358N=POINT | AN8: 3.11.26 | AO8: 2023-08-08.2 | AP8: COMBINED | AQ8: 2017 | AR8: 92714 | AS8: 5601842 | AT8: 370 | AU8: PAIRED | AV8: 562 | AW8: Contig | AX8: SKESA v. 2.2 | AY8: 562 | AZ8: DALPBX | BA8: environmental/other
A9: CFIAFB20170346 | B9: CFIAFB20170346 | C9: GTA-FD-2017-MI-00044 | D9: 2017-SEQ-0059 | E9: 2017-SEQ-0059 | G9: YES | H9: - | I9: terC | J9: 0 | K9: Flour | L9: Flour | M9: Flour | N9: Meat | O9: O8:H28 | P9: O8 (99.59):H28 (99.54)ND | Q9: VT2;hlyAEc;uidA | R9: vtx2a | S9: Stx2a_30_MZ229605O8:H28 | T9: 4496 | U9: 33427 | V9: ND | W9: 9360778 | X9: SAMN09468193 | Y9: GCA_012165235.1 | AA9: PRJNA454819 | AB9: SRS3464495 | AC9: SRR7435867 | AD9: PDT000336888.2 | AE9: 2018-06-26T21:05:41Z | AF9: Canada | AG9: DAAZCA000000000.1 | AH9: glpT_E448K=POINT,pmrB_Y358N=POINT | AI9: PDG000000004.5130 | AJ9: Escherichia coli | AK9: ehxA=COMPLETE,espX1=COMPLETE,fdeC=COMPLETE,lpfA=COMPLETE,sslE=HMM,stxA2d=COMPLETE,stxB2e=COMPLETE | AL9: ariR=COMPLETE | AM9: acrF=COMPLETE,blaEC=COMPLETE,glpT_E448K=POINT,mdtM=COMPLETE,pmrB_Y358N=POINT | AN9: 3.11.26 | AO9: 2023-08-08.2 | AP9: COMBINED | AQ9: 2017 | AR9: 193046 | AS9: 4997827 | AT9: 68 | AU9: PAIRED | AV9: 562 | AW9: Contig | AX9: SKESA v. 2.2 | AY9: 562 | AZ9: DAAZCA | BA9: environmental/other | BC9: PDS000035329.15 | BD9: 1 | BE9: 29
A10: CFIAFB20170347 | B10: CFIAFB20170347 | C10: DAR-FD-2017-MI-00455 | D10: 2017-DAR-0088 | E10: 2017-DAR-0088 | G10: YES | H10: - | I10: terC | J10: 0 | K10: Raw Ground Veal | L10: Raw meat | Veal | Ground | Lean | M10: Meat | N10: Meat | O10: O76:H19 | P10: O76 (99.6):H19 (99.89) | Q10: VT1;uidA | R10: vtx1c | S10: Stx1c_12_DQ449666 | T10: 675 | U10: 14960 | V10: ND | W10: 10444065 | X10: SAMN13334753 | Y10: GCA_027231565.1 | AA10: PRJNA454819 | AB10: SRS16250845 | AC10: SRR22858705 | AD10: PDT001543042.1 | AE10: 2022-12-22T05:39:38Z | AF10: Canada | AG10: DALPBV000000000.1 | AH10: glpT_E448K=POINT,pmrB_Y358N=POINT | AI10: PDG000000004.5130 | AJ10: Escherichia coli | AK10: ehxA=COMPLETE,espX1=COMPLETE,fdeC=COMPLETE,iha=COMPLETE,ireA=COMPLETE,lpfA=COMPLETE,pic=COMPLETE,senB=COMPLETE,sslE=HMM,stxA1c=COMPLETE,stxB1c=COMPLETE,subA=COMPLETE,subB=PARTIAL_END_OF_CONTIG | AL10: ariR=COMPLETE,emrE=COMPLETE | AM10: acrF=COMPLETE,blaEC=COMPLETE,glpT_E448K=POINT,mdtM=COMPLETE,pmrB_Y358N=POINT | AN10: 3.11.26 | AO10: 2023-08-08.2 | AP10: COMBINED | AQ10: 2017 | AR10: 168481 | AS10: 5382874 | AT10: 144 | AU10: PAIRED | AV10: 562 | AW10: Contig | AX10: SKESA v. 2.2 | AY10: 562 | AZ10: DALPBV | BA10: environmental/other
A11: CFIAFB20170348 | B11: CFIAFB20170348 | C11: CAL-FD-2017-MI-0066 | D11: 2017-CAL-0287 | E11: 2017-CAL-0287 | G11: YES | H11: - | I11: terC | J11: 0 | K11: Flour | L11: Flour | M11: Flour | N11: Meat | O11: O8:H28 | P11: O8 (99.59):H28 (99.54 | Q11: VT2;hlyAEc;uidA | R11: vtx2a | S11: Stx2a_30_MZ229605O8:H28 | T11: 4496 | U11: 33427 | V11: ND | W11: 9556556 | X11: SAMN09468188 | Y11: GCA_012164475.1 | AA11: PRJNA454819 | AB11: SRS3464484 | AC11: SRR7435875 | AD11: PDT000336896.2 | AE11: 2018-06-26T21:05:43Z | AF11: Canada | AG11: DAAZBU000000000.1 | AH11: glpT_E448K=POINT,pmrB_Y358N=POINT | AI11: PDG000000004.5130 | AJ11: Escherichia coli | AK11: ehxA=COMPLETE,espX1=COMPLETE,fdeC=COMPLETE,lpfA=COMPLETE,sslE=HMM,stxA2d=COMPLETE,stxB2e=COMPLETE | AL11: ariR=COMPLETE | AM11: acrF=COMPLETE,blaEC=COMPLETE,glpT_E448K=POINT,mdtM=COMPLETE,pmrB_Y358N=POINT | AN11: 3.11.26 | AO11: 2023-08-08.2 | AP11: COMBINED | AQ11: 2017 | AR11: 218578 | AS11: 4968924 | AT11: 52 | AU11: PAIRED | AV11: 562 | AW11: Contig | AX11: SKESA v. 2.2 | AY11: 562 | AZ11: DAAZBU | BA11: environmental/other | BC11: PDS000035329.15 | BD11: 1 | BE11: 28
A12: CFIAFB20180572 | B12: CFIAFB20180572 | C12: CAL-FD-2017-MI-1487 | D12: 2017-CAL-0427 | E12: 2017-CAL-0427 | G12: YES | H12: - | I12: terC | J12: 0 | K12: Raw Ground Veal | L12: Raw meat | Veal | Ground | Lean |FRESH ONTARIO | M12: Meat | N12: Meat | O12: O76:H19 | P12: O76 (99.6):H19 (99.89) | Q12: hlyAEc;VT1;uidA | R12: vtx1c | S12: Stx1c_12_DQ449666 | T12: 675 | U12: 178072 | V12: macrolide(mdf(A) (99.11%)); | W12: 10444301 | X12: SAMN13334882 | Y12: GCA_027232365.1 | AA12: PRJNA454819 | AB12: SRS16250833 | AC12: SRR22858717 | AD12: PDT001543054.1 | AE12: 2022-12-22T05:39:40Z | AF12: Canada | AG12: DALPDE000000000.1 | AH12: glpT_E448K=POINT,pmrB_Y358N=POINT | AI12: PDG000000004.5130 | AJ12: Escherichia coli | AK12: ehxA=COMPLETE,espX1=COMPLETE,fdeC=COMPLETE,iha=COMPLETE,ireA=COMPLETE,lpfA=COMPLETE,pic=COMPLETE,senB=COMPLETE,sslE=HMM,stxA1c=COMPLETE,stxB1c=COMPLETE,subA=COMPLETE | AL12: ariR=COMPLETE,emrE=COMPLETE | AM12: acrF=COMPLETE,blaEC=COMPLETE,glpT_E448K=POINT,mdtM=COMPLETE,pmrB_Y358N=POINT | AN12: 3.11.26 | AO12: 2023-08-08.2 | AP12: COMBINED | AQ12: 2018 | AR12: 108217 | AS12: 5474053 | AT12: 167 | AU12: PAIRED | AV12: 562 | AW12: Contig | AX12: SKESA v. 2.2 | AY12: 562 | AZ12: DALPDE | BA12: environmental/other
A13: CFIAFB20180574 | B13: CFIAFB20180574 | C13: GTA-FD-2017-MI-01815 | D13: 2017-GTA-0244 | E13: 2017-GTA-0244 | G13: YES | H13: - | I13: terC | J13: 0 | K13: Raw Ground Veal | L13: Raw meat | Veal | Ground | M13: Meat | N13: Meat | O13: O78:H16 | P13: O78 (100.0):H16 (99.94) | Q13: VT1;uidA | R13: vtx1a | S13: Stx1a_9_MPUD01000001.1 | T13: 3589 | U13: 35160 | V13: aph(3'')-Ib (100.0%) Aminoglycoside;aph(3')-Ia (100.0%) Aminoglycoside;aph(6)-Id (88.53%) Aminoglycoside;blaTEM (RblaTEM-1) (100.0%) Beta-Lactamase;su | W13: 11012665 | X13: SAMN13334883 | Y13: GCA_027231505.1 | AA13: PRJNA454819 | AB13: SRS16250832 | AC13: SRR22858718 | AD13: PDT001543055.1 | AE13: 2022-12-22T05:39:40Z | AF13: Canada | AG13: DALPBO000000000.1 | AH13: aph(3'')-Ib=COMPLETE,aph(3')-Ia=COMPLETE,aph(6)-Id=PARTIAL,blaTEM-1=COMPLETE,glpT_E448K=POINT,pmrB_Y358N=POINT,sul2=COMPLETE,tet(A)=COMPLETE | AI13: PDG000000004.5130 | AJ13: Escherichia coli | AK13: bmaE=COMPLETE,cdtB=COMPLETE,cnf2=COMPLETE,epeA=PARTIAL_END_OF_CONTIG,espP=PARTIAL_END_OF_CONTIG,espX1=COMPLETE,fdeC=COMPLETE,iha=COMPLETE,iss=COMPLETE,iucA=COMPLETE,iucB=COMPLETE,iucC=COMPLETE,iucD=COMPLETE,iutA=COMPLETE,lpfA-O113=COMPLETE,sslE=HMM,stxA1=COMPLETE,stxB1=COMPLETE | AL13: ariR=COMPLETE,emrE=COMPLETE,emrE=MISTRANSLATION,merA=HMM,merC=COMPLETE,merD=HMM,merE=HMM,merP=COMPLETE,merR=COMPLETE,merT=COMPLETE | AM13: acrF=COMPLETE,aph(3'')-Ib=COMPLETE,aph(3')-Ia=COMPLETE,aph(6)-Id=PARTIAL,blaEC=COMPLETE,blaTEM-1=COMPLETE,glpT_E448K=POINT,mdtM=COMPLETE,pmrB_Y358N=POINT,sul2=COMPLETE,tet(A)=COMPLETE | AN13: 3.12.8 | AO13: 2024-07-22.1 | AP13: COMBINED | AQ13: 2018 | AR13: 323489 | AS13: 5308539 | AT13: 105 | AU13: PAIRED | AV13: 562 | AW13: Contig | AX13: SKESA v. 2.2 | AY13: 562 | AZ13: DALPBO | BA13: environmental/other
A14: CFIAFB20180575 | B14: CFIAFB20180575 | C14: GTA-FD-2017-MI-01937 | D14: 2017-GTA-0247 | E14: 2017-GTA-0247 | G14: YES | H14: - | I14: terC | J14: 0 | K14: Raw Ground Veal | L14: Raw meat | Veal | Ground | Regular |FRESH | M14: Meat | N14: Meat | O14: O174:H21 | P14: O174 (98.25):H21 (98.64) | Q14: VT2;uidA | R14: vtx2c | S14: Stx2c_7_LNZL01000033.1 | T14: 677 | U14: 30630 | V14: aph(6)-Id (100.0%) Aminoglycoside;strA (100.0%) ;sul2 (100.0%) sulphonamide;tet(B) (99.83%) Tetracycline | W14: 11012665 | X14: SAMN13334884 | Y14: GCA_027231465.1 | AA14: PRJNA454819 | AB14: SRS16250831 | AC14: SRR22858719 | AD14: PDT001543056.1 | AE14: 2022-12-22T05:39:40Z | AF14: Canada | AG14: DALPBN000000000.1 | AH14: aph(3'')-Ib=COMPLETE,aph(6)-Id=COMPLETE,glpT_E448K=POINT,gyrA_D87Y=POINT,pmrB_Y358N=POINT,sul2=COMPLETE,tet(B)=COMPLETE | AI14: PDG000000004.5130 | AJ14: Escherichia coli | AK14: espX1=COMPLETE,fdeC=MISTRANSLATION,iha=COMPLETE,iss=COMPLETE,lpfA=COMPLETE,sslE=HMM,stxA2c=COMPLETE,stxB2c=COMPLETE | AL14: ariR=COMPLETE,emrE=COMPLETE | AM14: acrF=COMPLETE,aph(3'')-Ib=COMPLETE,aph(6)-Id=COMPLETE,blaEC=COMPLETE,glpT_E448K=POINT,gyrA_D87Y=POINT,mdtM=COMPLETE,pmrB_Y358N=POINT,sul2=COMPLETE,tet(B)=COMPLETE | AN14: 3.11.26 | AO14: 2023-08-08.2 | AP14: COMBINED | AQ14: 2018 | AR14: 156667 | AS14: 5321798 | AT14: 171 | AU14: PAIRED | AV14: 562 | AW14: Contig | AX14: SKESA v. 2.2 | AY14: 562 | AZ14: DALPBN | BA14: environmental/other | BC14: PDS000129628.2 | BD14: 0
A15: CFIAFB20180576 | B15: CFIAFB20180576 | C15: GTA-FD-2017-MI-01938 | D15: 2017-GTA-0248 | E15: 2017-GTA-0248 | G15: YES | H15: - | I15: terC | J15: 0 | K15: Raw Ground Veal | L15: Raw meat | Veal | Ground | Extra lean |FRESH | M15: Meat | N15: Meat | O15: O174:H21 | P15: O174 (98.25):H21 (98.64) | Q15: VT2;uidA | R15: vtx2c | S15: Stx2c_7_LNZL01000033.1 | T15: 677 | U15: 30630 | V15: aph(6)-Id (100.0%) Aminoglycoside;strA (100.0%) ;sul2 (100.0%) sulphonamide;tet(B) (99.83%) Tetracycline | W15: 11012665 | X15: SAMN13334885 | Y15: GCA_027234925.1 | AA15: PRJNA454819 | AB15: SRS16250830 | AC15: SRR22858720 | AD15: PDT001543057.1 | AE15: 2022-12-22T05:39:40Z | AF15: Canada | AG15: DALPIA000000000.1 | AH15: aph(3'')-Ib=COMPLETE,aph(6)-Id=COMPLETE,glpT_E448K=POINT,gyrA_D87Y=POINT,pmrB_Y358N=POINT,sul2=COMPLETE,tet(B)=COMPLETE | AI15: PDG000000004.5130 | AJ15: Escherichia coli | AK15: espX1=COMPLETE,fdeC=MISTRANSLATION,iha=COMPLETE,iss=COMPLETE,lpfA-O113=COMPLETE,lpfA=COMPLETE,sslE=HMM,stxA2=COMPLETE,stxB2=COMPLETE | AL15: ariR=COMPLETE,emrE=COMPLETE | AM15: acrF=COMPLETE,aph(3'')-Ib=COMPLETE,aph(6)-Id=COMPLETE,blaEC=COMPLETE,glpT_E448K=POINT,gyrA_D87Y=POINT,mdtM=COMPLETE,pmrB_Y358N=POINT,sul2=COMPLETE,tet(B)=COMPLETE | AN15: 3.12.8 | AO15: 2024-07-22.1 | AP15: COMBINED | AQ15: 2018 | AR15: 160080 | AS15: 5343695 | AT15: 148 | AU15: PAIRED | AV15: 562 | AW15: Contig | AX15: SKESA v. 2.2 | AY15: 562 | AZ15: DALPIA | BA15: environmental/other | BC15: PDS000129628.2 | BD15: 2
A16: CFIAFB20180577 | B16: CFIAFB20180577 | C16: GTA-FD-2017-MI-01940 | D16: 2017-GTA-0249 | E16: 2017-GTA-0249 | G16: YES | H16: - | I16: terC | J16: 0 | K16: Raw Ground Veal | L16: Raw meat | Veal | Ground | Lean | M16: Meat | N16: Other | O16: O174:H21 | P16: O174 (98.25):H21 (98.64) | Q16: VT2;uidA | R16: vtx2c | S16: Stx2c_7_LNZL01000033.1 | T16: 677 | U16: 30630 | V16: aph(6)-Id (100.0%) Aminoglycoside;strA (100.0%) ;sul2 (100.0%) sulphonamide;tet(B) (99.83%) Tetracycline | W16: 11012665 | X16: SAMN13334886 | Y16: GCA_027231445.1 | AA16: PRJNA454819 | AB16: SRS16250829 | AC16: SRR22858721 | AD16: PDT001543058.1 | AE16: 2022-12-22T05:39:41Z | AF16: Canada | AG16: DALPBM000000000.1 | AH16: aph(3'')-Ib=COMPLETE,aph(6)-Id=COMPLETE,glpT_E448K=POINT,gyrA_D87Y=POINT,pmrB_Y358N=POINT,sul2=COMPLETE,tet(B)=COMPLETE | AI16: PDG000000004.5130 | AJ16: Escherichia coli | AK16: espX1=COMPLETE,fdeC=MISTRANSLATION,iha=COMPLETE,iss=COMPLETE,lpfA-O113=COMPLETE,lpfA=COMPLETE,sslE=HMM,stxA2=COMPLETE,stxB2=COMPLETE | AL16: ariR=COMPLETE,emrE=COMPLETE | AM16: acrF=COMPLETE,aph(3'')-Ib=COMPLETE,aph(6)-Id=COMPLETE,blaEC=COMPLETE,glpT_E448K=POINT,gyrA_D87Y=POINT,mdtM=COMPLETE,pmrB_Y358N=POINT,sul2=COMPLETE,tet(B)=COMPLETE | AN16: 3.12.8 | AO16: 2024-07-22.1 | AP16: COMBINED | AQ16: 2018 | AR16: 130181 | AS16: 5293098 | AT16: 245 | AU16: PAIRED | AV16: 562 | AW16: Contig | AX16: SKESA v. 2.2 | AY16: 562 | AZ16: DALPBM | BA16: environmental/other | BC16: PDS000129628.2 | BD16: 0
A17: CFIAFB20180578 | B17: CFIAFB20180578 | C17: GTA-FD-2017-MI-02059 | D17: 2017-SEQ-1688 | E17: 2017-SEQ-1688 | G17: YES | H17: - | I17: terC | J17: 0 | K17: powdered milk formula (open package) | L17: powdered milk formula (open package) | M17: Dairy | N17: Other | O17: O17/O77:H18 | P17: O17/O77 (100.0):H18 (100.0)ND | Q17: VT2;uidA | R17: vtx2d | S17: Stx2d_27_DQ059012 | T17: 69 | U17: 65499 | V17: ND | W17: 10388132 | X17: SAMN13334887 | Y17: GCA_027231425.1 | AA17: PRJNA454819 | AB17: SRS16250828 | AC17: SRR22858722 | AD17: PDT001543059.1 | AE17: 2022-12-22T05:39:41Z | AF17: Canada | AG17: DALPBJ000000000.1 | AH17: cyaA_S352T=POINT,glpT_E448K=POINT,parC_S57T=POINT | AI17: PDG000000004.5130 | AJ17: Escherichia coli | AK17: air=PARTIAL_END_OF_CONTIG,cdtB=COMPLETE,eilA=COMPLETE,espX1=COMPLETE,fdeC=COMPLETE,iss=COMPLETE,lpfA=COMPLETE,sinH=HMM,sslE=HMM,stxA2d=COMPLETE,stxB2k=COMPLETE | AL17: ariR=COMPLETE,arsD=COMPLETE | AM17: acrF=COMPLETE,blaEC=COMPLETE,cyaA_S352T=POINT,glpT_E448K=POINT,mdtM=COMPLETE,parC_S57T=POINT | AN17: 3.11.26 | AO17: 2023-08-08.2 | AP17: COMBINED | AQ17: 2018 | AR17: 115643 | AS17: 5225494 | AT17: 142 | AU17: PAIRED | AV17: 562 | AW17: Contig | AX17: SKESA v. 2.2 | AY17: 562 | AZ17: DALPBJ | BA17: environmental/other | BC17: PDS000129656.1 | BD17: 3
A18: CFIAFB20180579 | B18: CFIAFB20180579 | C18: GTA-FD-2017-MI-02059 | D18: 2017-SEQ-1689 | E18: 2017-SEQ-1689 | G18: YES | H18: - | I18: terC | J18: 0 | K18: powdered milk formula (open package) | L18: powdered milk formula (open package) | M18: Dairy | N18: Meat | O18: O17/O77:H18 | P18: O17/O77 (100.0):H18 (100.0)ND | Q18: VT2;uidA | R18: vtx2d | S18: Stx2d_27_DQ059012 | T18: 69 | U18: 65499 | V18: ND | W18: 10388132 | X18: SAMN13334888 | Y18: GCA_027232385.1 | AA18: PRJNA454819 | AB18: SRS16250827 | AC18: SRR22858723 | AD18: PDT001543060.1 | AE18: 2022-12-22T05:39:41Z | AF18: Canada | AG18: DALPDD000000000.1 | AH18: cyaA_S352T=POINT,glpT_E448K=POINT,parC_S57T=POINT | AI18: PDG000000004.5130 | AJ18: Escherichia coli | AK18: air=PARTIAL_END_OF_CONTIG,astA=COMPLETE,cdtB=COMPLETE,eilA=COMPLETE,espX1=COMPLETE,fdeC=COMPLETE,iss=COMPLETE,lpfA=COMPLETE,sinH=HMM,sslE=HMM,stxA2d=COMPLETE,stxB2k=COMPLETE | AL18: ariR=COMPLETE,arsD=COMPLETE | AM18: acrF=COMPLETE,blaEC=COMPLETE,cyaA_S352T=POINT,glpT_E448K=POINT,mdtM=COMPLETE,parC_S57T=POINT | AN18: 3.11.26 | AO18: 2023-08-08.2 | AP18: COMBINED | AQ18: 2018 | AR18: 85956 | AS18: 5211436 | AT18: 200 | AU18: PAIRED | AV18: 562 | AW18: Contig | AX18: SKESA v. 2.2 | AY18: 562 | AZ18: DALPDD | BA18: environmental/other | BC18: PDS000129656.1 | BD18: 3
A19: CFIAFB20180580 | B19: CFIAFB20180580 | C19: GTA-FD-2017-MI-02059 | D19: 2017-SEQ-1690 | E19: 2017-SEQ-1690 | G19: YES | H19: - | I19: terC | J19: 0 | K19: powdered milk formula (open package) | L19: powdered milk formula (open package) | M19: Dairy | N19: Meat | O19: O17/O77:H18 | P19: O17/O77 (100.0):H18 (100.0)ND | Q19: VT2;uidA | R19: vtx2d | S19: Stx2d_27_DQ059012 | T19: 69 | U19: 65499 | V19: ND | W19: 10388132 | X19: SAMN13334889 | Y19: GCA_027234805.1 | AA19: PRJNA454819 | AB19: SRS16250804 | AC19: SRR22858746 | AD19: PDT001543083.1 | AE19: 2022-12-22T05:39:45Z | AF19: Canada | AG19: DALPHV000000000.1 | AH19: cyaA_S352T=POINT,glpT_E448K=POINT,parC_S57T=POINT | AI19: PDG000000004.5130 | AJ19: Escherichia coli | AK19: air=COMPLETE,astA=COMPLETE,astA=PARTIAL_END_OF_CONTIG,cdtB=COMPLETE,eilA=COMPLETE,espX1=COMPLETE,fdeC=COMPLETE,iss=COMPLETE,lpfA=COMPLETE,sinH=HMM,sslE=HMM,stxA2d=COMPLETE,stxB2k=COMPLETE | AL19: ariR=COMPLETE,arsD=COMPLETE | AM19: acrF=COMPLETE,blaEC=COMPLETE,cyaA_S352T=POINT,glpT_E448K=POINT,mdtM=COMPLETE,parC_S57T=POINT | AN19: 3.11.26 | AO19: 2023-08-08.2 | AP19: COMBINED | AQ19: 2018 | AR19: 71717 | AS19: 5252627 | AT19: 176 | AU19: PAIRED | AV19: 562 | AW19: Contig | AX19: SKESA v. 2.2 | AY19: 562 | AZ19: DALPHV | BA19: environmental/other | BC19: PDS000129656.1 | BD19: 5
A20: CFIAFB20180581 | B20: CFIAFB20180581 | C20: DAR-FD-2018-MI-00354 | D20: 2019-DAR-0014 | E20: CFIAFB20180581 | G20: YES | H20: - | I20: terZ/A/B/C/D/E/W | J20: terA (99.48%),terB (99.56%),terC (99.62%),terD (99.65%),terE 100.00%),terF (99.03%),terZ (99.48%) | K20: Raw meat | Lamb | Ground | Lean|frozen|New Zealand | L20: Raw meat | Lamb | Ground | Lean|frozen|New Zealand | M20: Meat | N20: Lamb | O20: OUT:H21 | P20: O-untypeable:H21 (98.64) | Q20: VT2;uidA | R20: vtx2i | S20: Stx2i_43_OLC3602 | T20: 155 | U20: 1607 | V20: ND | W20: 11774050 | X20: SAMN13334890 | Y20: GCA_027231365.1 | AA20: PRJNA454819 | AB20: SRS16250803 | AC20: SRR22858747 | AD20: PDT001543084.1 | AE20: 2022-12-22T05:39:45Z | AF20: Canada | AG20: DALPBH000000000.1 | AH20: glpT_E448K=POINT,pmrB_Y358N=POINT | AI20: PDG000000004.5130 | AJ20: Escherichia coli | AK20: espX1=COMPLETE,fdeC=COMPLETE,iss=COMPLETE,lpfA=COMPLETE,sslE=HMM,stxA2i=COMPLETE,stxB2i=COMPLETE | AL20: ariR=COMPLETE,emrE=COMPLETE,terD=COMPLETE,terW=COMPLETE,terZ=COMPLETE | AM20: acrF=COMPLETE,blaEC=COMPLETE,glpT_E448K=POINT,mdtM=COMPLETE,pmrB_Y358N=POINT | AN20: 3.11.26 | AO20: 2023-08-08.2 | AP20: COMBINED | AQ20: 2018 | AR20: 158500 | AS20: 5193919 | AT20: 135 | AU20: PAIRED | AV20: 562 | AW20: Contig | AX20: SKESA v. 2.2 | AY20: 562 | AZ20: DALPBH | BA20: environmental/other | BC20: PDS000129627.5 | BD20: 1
A21: CFIAFB20180582 | B21: CFIAFB20180582 | C21: GTA-FD-2018-MI-00025 | D21: 2018-SEQ-0240 | E21: 2018-SEQ-0240 | G21: YES | H21: - | I21: terC | J21: 0 | K21: Raw Halal ground lamb | L21: Raw meat | Lamb | Ground | Halal | Fresh | M21: Meat | N21: Dairy | O21: O108:H21 | P21: O-untypeable:H21 (98.64) | Q21: VT1(cc) | R21: vtx1c | S21: Stx1c_12_AARXOJ010000002.1 | T21: 40 | U21: 1624 | V21: aph(6)-Id (99.88%) Colistin;tet(A) (100.0%) Tetracycline | W21: 10762614 | X21: SAMN13334891 | Y21: GCA_027231325.1 | AA21: PRJNA454819 | AB21: SRS16250802 | AC21: SRR22858748 | AD21: PDT001543085.1 | AE21: 2022-12-22T05:39:45Z | AF21: Canada | AG21: DALPBG000000000.1 | AH21: aph(6)-Id=COMPLETE,glpT_E448K=POINT,pmrB_Y358N=POINT,tet(A)=COMPLETE | AI21: PDG000000004.5130 | AJ21: Escherichia coli | AK21: epeA=PARTIAL_END_OF_CONTIG,espX1=COMPLETE,fdeC=COMPLETE,iss=COMPLETE,katP=COMPLETE,lpfA=PARTIAL,sslE=HMM,stxA1c=COMPLETE,stxB1c=COMPLETE | AL21: ariR=COMPLETE,emrE=COMPLETE | AM21: acrF=COMPLETE,aph(6)-Id=COMPLETE,blaEC=COMPLETE,glpT_E448K=POINT,mdtM=COMPLETE,pmrB_Y358N=POINT,tet(A)=COMPLETE | AN21: 3.11.26 | AO21: 2023-08-08.2 | AP21: COMBINED | AQ21: 2018 | AR21: 64785 | AS21: 5218831 | AT21: 263 | AU21: PAIRED | AV21: 562 | AW21: Contig | AX21: SKESA v. 2.2 | AY21: 562 | AZ21: DALPBG | BA21: environmental/other | BC21: PDS000073509.6 | BD21: 8 | BE21: 34
A22: CFIAFB20180583 | B22: CFIAFB20180583 | C22: GTA-FD-2018-MI-00220 | D22: 2018-GTA-0110 | E22: 2018-GTA-0110 | G22: YES | H22: - | I22: terC | J22: 0 | K22: Raw meat | Lamb | Ground | L22: Raw meat | Lamb | Ground | M22: Meat | N22: Other | O22: O146:H8 | P22: O146 (99.94):H8 (99.86) | Q22: uidA;VT1 | R22: vtx1c | S22: Stx1c_12_AARXOJ010000002.1 | T22: 8356 | U22: 84725 | V22: ND | W22: NO | X22: SAMN13334892 | Y22: GCA_027234825.1 | AA22: PRJNA454819 | AB22: SRS16250800 | AC22: SRR22858750 | AD22: PDT001543087.1 | AE22: 2022-12-22T05:39:46Z | AF22: Canada | AG22: DALPHU000000000.1 | AH22: glpT_E448K=POINT,pmrB_Y358N=POINT | AI22: PDG000000004.5130 | AJ22: Escherichia coli | AK22: espX1=COMPLETE,fdeC=COMPLETE,lpfA=COMPLETE,sslE=HMM,stxA1c=COMPLETE,stxB1c=COMPLETE,stxB1c=MISTRANSLATION | AL22: ariR=COMPLETE | AM22: acrF=COMPLETE,blaEC=PARTIAL,glpT_E448K=POINT,mdtM=COMPLETE,pmrB_Y358N=POINT | AN22: 3.11.26 | AO22: 2023-08-08.2 | AP22: COMBINED | AQ22: 2018 | AR22: 116065 | AS22: 5144753 | AT22: 156 | AU22: PAIRED | AV22: 562 | AW22: Contig | AX22: SKESA v. 2.2 | AY22: 562 | AZ22: DALPHU | BA22: environmental/other | BC22: PDS000129644.1 | BD22: 1
A23: CFIAFB20180584 | B23: CFIAFB20180584 | C23: GTA-FD-2018-MI-00220 | D23: 2018-GTA-0049 | E23: 2018-GTA-0049 | G23: YES | H23: - | I23: terC | J23: 0 | K23: Raw Ground Lamb | L23: Raw meat | Lamb | Ground | M23: Meat | N23: Dairy | O23: O146:H8 | P23: O146 (100.0):H8 (99.86) | Q23: VT1;uidA | R23: vtx1c | S23: Stx1c_12_AARXOJ010000002.1 | T23: 8356 | U23: 84725 | V23: ND | W23: 10864975 | X23: SAMN13334893 | Y23: GCA_027230845.1 | AA23: PRJNA454819 | AB23: SRS16250799 | AC23: SRR22858751 | AD23: PDT001543088.1 | AE23: 2022-12-22T05:39:46Z | AF23: Canada | AG23: DALPAJ000000000.1 | AH23: glpT_E448K=POINT,pmrB_Y358N=POINT | AI23: PDG000000004.5130 | AJ23: Escherichia coli | AK23: espX1=COMPLETE,fdeC=COMPLETE,lpfA=COMPLETE,sslE=HMM,stxA1c=COMPLETE,stxB1c=COMPLETE | AL23: ariR=COMPLETE | AM23: acrF=COMPLETE,blaEC=PARTIAL,glpT_E448K=POINT,mdtM=COMPLETE,pmrB_Y358N=POINT | AN23: 3.11.26 | AO23: 2023-08-08.2 | AP23: COMBINED | AQ23: 2018 | AR23: 129413 | AS23: 5152873 | AT23: 138 | AU23: PAIRED | AV23: 562 | AW23: Contig | AX23: SKESA v. 2.2 | AY23: 562 | AZ23: DALPAJ | BA23: environmental/other | BC23: PDS000129644.1 | BD23: 1
A24: CFIAFB20180585 | B24: CFIAFB20180585 | C24: GTA-FD-2018-MI-00221 | D24: 2018-GTA-0051 | E24: 2018-GTA-0051 | G24: YES | H24: - | I24: terC | J24: 0 | K24: Raw Ground Lamb | L24: Raw meat | Lamb | Ground | M24: Meat | N24: Other | O24: O146:H8 | P24: O146 (100.0):H8 (99.86) | Q24: VT1;uidA | R24: vtx1c | S24: Stx1c_12_AARXOJ010000002.1 | T24: 8356 | U24: 168636 | V24: ND | W24: 10864975 | X24: SAMN13334894 | Y24: GCA_027230805.1 | AA24: PRJNA454819 | AB24: SRS16250798 | AC24: SRR22858752 | AD24: PDT001543089.1 | AE24: 2022-12-22T05:39:46Z | AF24: Canada | AG24: DALPAH000000000.1 | AH24: glpT_E448K=POINT,pmrB_Y358N=POINT | AI24: PDG000000004.5130 | AJ24: Escherichia coli | AK24: espX1=COMPLETE,fdeC=COMPLETE,katP=COMPLETE,lpfA=COMPLETE,sslE=HMM,stxA1c=COMPLETE,stxB1c=COMPLETE | AL24: ariR=COMPLETE | AM24: acrF=COMPLETE,blaEC=PARTIAL,glpT_E448K=POINT,mdtM=COMPLETE,pmrB_Y358N=POINT | AN24: 3.11.26 | AO24: 2023-08-08.2 | AP24: COMBINED | AQ24: 2018 | AR24: 100213 | AS24: 5024412 | AT24: 181 | AU24: PAIRED | AV24: 562 | AW24: Contig | AX24: SKESA v. 2.2 | AY24: 562 | AZ24: DALPAH | BA24: environmental/other | BC24: PDS000179754.1 | BD24: 39
A25: CFIAFB20180587 | B25: CFIAFB20180587 | C25: GTA-FD-2018-MI-00574 | D25: 2018-GTA-0113 | E25: 2018-GTA-0113 | G25: YES | H25: - | I25: terC | J25: 0 | K25: Raw Ground Lamb | L25: Raw meat | Lamb | Ground | M25: Meat | N25: Other | O25: O123/O186:H10 | P25: O123/O186 (100.0):H10 (99.37) | Q25: uidA;hylA;VT1;VT2 | R25: vtx1c;vtx2b | S25: Stx1c_12_Z36901|Stx2b_109_AAZFEP010000099.1 | T25: 3695 | U25: 48393 | V25: ND | W25: 11021340 | X25: SAMN13334895 | Y25: GCA_027230785.1 | AA25: PRJNA454819 | AB25: SRS16250797 | AC25: SRR22858753 | AD25: PDT001543090.1 | AE25: 2022-12-22T05:39:46Z | AF25: Canada | AG25: DALPAK000000000.1 | AH25: glpT_E448K=POINT,pmrB_Y358N=POINT | AI25: PDG000000004.5130 | AJ25: Escherichia coli | AK25: ehxA=COMPLETE,fdeC=COMPLETE,iha=COMPLETE,ireA=COMPLETE,iss=COMPLETE,lpfA=COMPLETE,senB=COMPLETE,sslE=HMM,stxA1c=COMPLETE,stxA2b=COMPLETE,stxB1c=COMPLETE,stxB2b=COMPLETE,subA=COMPLETE,subB=COMPLETE,ybtP=COMPLETE,ybtQ=COMPLETE | AL25: ariR=COMPLETE | AM25: acrF=COMPLETE,blaEC=COMPLETE,glpT_E448K=POINT,mdtM=COMPLETE,pmrB_Y358N=POINT | AN25: 3.11.26 | AO25: 2023-08-08.2 | AP25: COMBINED | AQ25: 2018 | AR25: 78665 | AS25: 5479871 | AT25: 252 | AU25: PAIRED | AV25: 562 | AW25: Contig | AX25: SKESA v. 2.2 | AY25: 562 | AZ25: DALPAK | BA25: environmental/other
A26: CFIAFB20180588 | B26: CFIAFB20180588 | C26: GTA-FD-2018-MI-00586 | D26: 2018-GTA-0101 | E26: 2018-GTA-0101 | G26: YES | H26: - | I26: terC | J26: 0 | K26: Raw ground lamb | L26: Raw meat | Lamb | Ground | M26: Meat | N26: Other | O26: O128:H2 | P26: O128ab;O128ac (100.0):H2 (100.0) | Q26: uidA;VT1;VT2;hylA | R26: vtx1c;vtx2b | S26: Stx1c_12_Z36901|Stx2b_110_ABJBRM010000291.1 | T26: 25 | U26: 30074 | V26: ND | W26: 11010061 | X26: SAMN13334896 | Y26: GCA_027235575.1 | AA26: PRJNA454819 | AB26: SRS16250796 | AC26: SRR22858754 | AD26: PDT001543091.1 | AE26: 2022-12-22T05:39:47Z | AF26: Canada | AG26: DALPIJ000000000.1 | AH26: glpT_E448K=POINT,pmrB_Y358N=POINT | AI26: PDG000000004.5130 | AJ26: Escherichia coli | AK26: ehxA=COMPLETE,espX1=COMPLETE,fdeC=COMPLETE,iha=COMPLETE,ireA=COMPLETE,iss=COMPLETE,lpfA=COMPLETE,mchB=COMPLETE,mchF=COMPLETE,stxA1c=COMPLETE,stxA2b=COMPLETE,stxB1c=COMPLETE,stxB2b=COMPLETE,subA=COMPLETE,subB=COMPLETE,ybtP=COMPLETE,ybtQ=COMPLETE | AL26: ariR=COMPLETE,emrE=COMPLETE | AM26: acrF=COMPLETE,blaEC=COMPLETE,glpT_E448K=POINT,mdtM=COMPLETE,pmrB_Y358N=POINT | AN26: 3.11.26 | AO26: 2023-08-08.2 | AP26: COMBINED | AQ26: 2018 | AR26: 96930 | AS26: 5556093 | AT26: 232 | AU26: PAIRED | AV26: 562 | AW26: Contig | AX26: SKESA v. 2.2 | AY26: 562 | AZ26: DALPIJ | BA26: environmental/other | BC26: PDS000129707.1 | BD26: 34
A27: CFIAFB20180589 | B27: CFIAFB20180589 | C27: GTA-FD-2018-MI-00602 | D27: 2018-GTA-0114 | E27: 2018-GTA-0114 | G27: YES | H27: - | I27: terC | J27: 0 | K27: Raw Ground Lamb | L27: Raw meat | Lamb | Ground | M27: Meat | N27: Other | O27: O75:H8 | P27: O-untypeable:H8 (100.0) | Q27: uidA;VT1;VT2 | R27: vtx1c;vtx2b | S27: Stx1c_12_Z36901|Stx2b_109_GCA_011901285.1 | T27: 13 | U27: 168722 | V27: ND | W27: 11021340 | X27: SAMN13334897 | Y27: GCA_027230745.1 | AA27: PRJNA454819 | AB27: SRS16250795 | AC27: SRR22858755 | AD27: PDT001543092.1 | AE27: 2022-12-22T05:39:47Z | AF27: Canada | AG27: DALPAI000000000.1 | AH27: glpT_E448K=POINT,pmrB_Y358N=POINT | AI27: PDG000000004.5130 | AJ27: Escherichia coli | AK27: fdeC=COMPLETE,iha=COMPLETE,ireA=COMPLETE,iss=COMPLETE,lpfA=COMPLETE,sslE=HMM,stxA1c=COMPLETE,stxA2b=COMPLETE,stxB1c=COMPLETE,stxB2b=COMPLETE,subA=COMPLETE,subB=COMPLETE | AL27: ariR=COMPLETE,emrE=COMPLETE | AM27: acrF=COMPLETE,blaEC=COMPLETE,glpT_E448K=POINT,mdtM=COMPLETE,pmrB_Y358N=POINT | AN27: 3.11.26 | AO27: 2023-08-08.2 | AP27: COMBINED | AQ27: 2018 | AR27: 67247 | AS27: 5265688 | AT27: 238 | AU27: PAIRED | AV27: 562 | AW27: Contig | AX27: SKESA v. 2.2 | AY27: 562 | AZ27: DALPAI | BA27: environmental/other
A28: CFIAFB20180593 | B28: CFIAFB20180593 | C28: GTA-FD-2018-MI-00916 | D28: 2018-GTA-0123 | E28: 2018-GTA-0123 | G28: YES | H28: - | I28: terC | J28: 0 | K28: Raw meat | Lamb | Ground | Frozen | L28: Raw meat | Lamb | Ground | Frozen | M28: Meat | N28: Other | O28: O178:H7 | P28: O153/O178 (100.0):H7 (99.94) | Q28: VT1;uidA | R28: vtx1c | S28: Stx1c_12_Z36901 | T28: 278 | U28: 1602 | V28: ND | W28: 11075314 | X28: SAMN13334901 | Y28: GCA_027235545.1 | AA28: PRJNA454819 | AB28: SRS16250794 | AC28: SRR22858756 | AD28: PDT001543093.1 | AE28: 2022-12-22T05:39:47Z | AF28: Canada | AG28: DALPIH000000000.1 | AH28: glpT_E448K=POINT,pmrB_Y358N=POINT | AI28: PDG000000004.5130 | AJ28: Escherichia coli | AK28: espX1=COMPLETE,fdeC=COMPLETE,iha=COMPLETE,ireA=COMPLETE,lpfA=COMPLETE,sslE=HMM,stxA1c=COMPLETE,stxB1c=COMPLETE,subA=COMPLETE,subB=COMPLETE | AL28: ariR=COMPLETE | AM28: acrF=COMPLETE,blaEC=COMPLETE,glpT_E448K=POINT,mdtM=COMPLETE,pmrB_Y358N=POINT | AN28: 3.11.26 | AO28: 2023-08-08.2 | AP28: COMBINED | AQ28: 2018 | AR28: 111482 | AS28: 5068310 | AT28: 143 | AU28: PAIRED | AV28: 562 | AW28: Contig | AX28: SKESA v. 2.2 | AY28: 562 | AZ28: DALPIH | BA28: environmental/other | BC28: PDS000129609.1 | BD28: 1
A29: CFIAFB20180594 | B29: CFIAFB20180594 | C29: GTA-FD-2018-MI-00916 | D29: 2018-GTA-0124 | E29: 2018-GTA-0124 | G29: YES | H29: - | I29: terC | J29: 0 | K29: Raw Ground Lamb | L29: Raw meat | Lamb | Ground | Frozen | M29: Meat | N29: Other | O29: O178:H7 | P29: O153/O178 (100.0):H7 (99.94) | Q29: VT1;uidA | R29: vtx1c | S29: Stx1c_12_Z36901 | T29: 278 | U29: 1602 | V29: ND | W29: 11075314 | X29: SAMN13334902 | Y29: GCA_027228845.1 | AA29: PRJNA454819 | AB29: SRS16250793 | AC29: SRR22858757 | AD29: PDT001543094.1 | AE29: 2022-12-22T05:39:47Z | AF29: Canada | AG29: DALOXO000000000.1 | AH29: glpT_E448K=POINT,pmrB_Y358N=POINT | AI29: PDG000000004.5130 | AJ29: Escherichia coli | AK29: espX1=COMPLETE,fdeC=COMPLETE,iha=COMPLETE,ireA=COMPLETE,lpfA=COMPLETE,sslE=HMM,stxA1c=COMPLETE,stxB1c=COMPLETE,subA=COMPLETE,subB=COMPLETE | AL29: ariR=COMPLETE | AM29: acrF=COMPLETE,blaEC=COMPLETE,glpT_E448K=POINT,mdtM=COMPLETE,pmrB_Y358N=POINT | AN29: 3.11.26 | AO29: 2023-08-08.2 | AP29: COMBINED | AQ29: 2018 | AR29: 137783 | AS29: 5061678 | AT29: 106 | AU29: PAIRED | AV29: 562 | AW29: Contig | AX29: SKESA v. 2.2 | AY29: 562 | AZ29: DALOXO | BA29: environmental/other | BC29: PDS000129609.1 | BD29: 0
A30: CFIAFB20180595 | B30: CFIAFB20180595 | C30: GTA-FD-2018-MI-00916 | D30: 2018-GTA-0125 | E30: 2018-GTA-0125 | G30: YES | H30: - | I30: terC | J30: 0 | K30: Raw meat | Lamb | Ground | Frozen | L30: Raw meat | Lamb | Ground | Frozen | M30: Meat | N30: Other | O30: O178:H7 | P30: O153/O178 (100.0):H7 (99.94) | Q30: VT1;uidA | R30: vtx1c | S30: Stx1c_12_Z36901 | T30: 278 | U30: 1602 | V30: ND | W30: 11075314 | X30: SAMN13334903 | Y30: GCA_027228805.1 | AA30: PRJNA454819 | AB30: SRS16250792 | AC30: SRR22858758 | AD30: PDT001543095.1 | AE30: 2022-12-22T05:39:47Z | AF30: Canada | AG30: DALOXP000000000.1 | AH30: glpT_E448K=POINT,pmrB_Y358N=POINT | AI30: PDG000000004.5130 | AJ30: Escherichia coli | AK30: espX1=COMPLETE,fdeC=COMPLETE,iha=COMPLETE,ireA=COMPLETE,lpfA=COMPLETE,sslE=HMM,stxA1c=COMPLETE,stxB1c=COMPLETE,subA=COMPLETE,subB=COMPLETE | AL30: ariR=COMPLETE | AM30: acrF=COMPLETE,blaEC=COMPLETE,glpT_E448K=POINT,mdtM=COMPLETE,pmrB_Y358N=POINT | AN30: 3.11.26 | AO30: 2023-08-08.2 | AP30: COMBINED | AQ30: 2018 | AR30: 122868 | AS30: 5063139 | AT30: 121 | AU30: PAIRED | AV30: 562 | AW30: Contig | AX30: SKESA v. 2.2 | AY30: 562 | AZ30: DALOXP | BA30: environmental/other | BC30: PDS000129609.1 | BD30: 0
A31: CFIAFB20180596 | B31: CFIAFB20180596 | C31: GTA-FD-2018-MI-00916 | D31: 2018-GTA-0126 | E31: 2018-GTA-0126 | G31: YES | H31: - | I31: terC | J31: 0 | K31: Raw meat | Lamb | Ground | Frozen | L31: Raw meat | Lamb | Ground | Frozen | M31: Meat | N31: Other | O31: O178:H7 | P31: O153/O178 (100.0):H7 (99.94) | Q31: VT1;uidA | R31: vtx1c | S31: Stx1c_12_Z36901 | T31: 278 | U31: 1602 | V31: ND | W31: 11075314 | X31: SAMN13334904 | Y31: GCA_027228785.1 | AA31: PRJNA454819 | AB31: SRS16250791 | AC31: SRR22858759 | AD31: PDT001543096.1 | AE31: 2022-12-22T05:39:47Z | AF31: Canada | AG31: DALOXN000000000.1 | AH31: glpT_E448K=POINT,pmrB_Y358N=POINT | AI31: PDG000000004.5130 | AJ31: Escherichia coli | AK31: espX1=COMPLETE,fdeC=COMPLETE,iha=COMPLETE,ireA=COMPLETE,lpfA=COMPLETE,sslE=HMM,stxA1c=COMPLETE,stxB1c=COMPLETE,subA=COMPLETE,subB=COMPLETE | AL31: ariR=COMPLETE | AM31: acrF=COMPLETE,blaEC=COMPLETE,glpT_E448K=POINT,mdtM=COMPLETE,pmrB_Y358N=POINT | AN31: 3.11.26 | AO31: 2023-08-08.2 | AP31: COMBINED | AQ31: 2018 | AR31: 137783 | AS31: 5063107 | AT31: 123 | AU31: PAIRED | AV31: 562 | AW31: Contig | AX31: SKESA v. 2.2 | AY31: 562 | AZ31: DALOXN | BA31: environmental/other | BC31: PDS000129609.1 | BD31: 0
A32: CFIAFB20180597 | B32: CFIAFB20180597 | C32: STH-FD-2017-MI-2421 | D32: 2018-STH-0001 | E32: 2018-STH-0001 | G32: YES | H32: - | I32: terC | J32: 0 | K32: Raw extra-lean ground veal | L32: Raw meat | Veal | Ground | Extra lean |FRESH | M32: Meat | N32: Other | O32: O91:H14 | P32: O91 (100.0):H14 (98.85) | Q32: VT1;VT2;uidA | R32: vtx1a;vtx2b | S32: Stx1a_19_AAAAYL020000128.1|Stx2b_116_AF043627 | T32: 33 | U32: 1587 | V32: ND | W32: 10443820 | X32: SAMN13334905 | Y32: GCA_027229545.2 | AA32: PRJNA454819 | AB32: SRS16250826 | AC32: SRR22858724 | AD32: PDT001543061.2 | AE32: 2022-12-22T05:39:41Z | AF32: Canada | AG32: DALOYS000000000.2 | AI32: PDG000000004.5130 | AJ32: Escherichia coli | AK32: espI=COMPLETE,espX1=PARTIAL,fdeC=COMPLETE,iha=MISTRANSLATION,iha=PARTIAL_END_OF_CONTIG,ireA=COMPLETE,iucA=COMPLETE,iucB=COMPLETE,iucC=COMPLETE,iucD=COMPLETE,iutA=COMPLETE,lpfA-O113=COMPLETE,lpfA=COMPLETE,mchB=COMPLETE,mchF=COMPLETE,senB=COMPLETE,sslE=HMM,stx1a_operon=COMPLETE,stx2_operon=PARTIAL_CONTIG_END,stx2b_operon=COMPLETE,stxA1=COMPLETE,stxA2=COMPLETE,stxB1=COMPLETE,stxB2=COMPLETE,subA=PARTIAL_END_OF_CONTIG,subB=PARTIAL_END_OF_CONTIG | AL32: ariR=COMPLETE,emrE=COMPLETE | AM32: acrF=COMPLETE,blaEC=COMPLETE,mdtM=COMPLETE | AN32: 4.0.19 | AO32: 2024-12-18.1 | AP32: COMBINED | AQ32: 2018 | AR32: 93515 | AS32: 5526551 | AT32: 479 | AU32: PAIRED | AV32: 562 | AW32: Contig | AX32: SKESA v. 2.2 | AY32: 562 | AZ32: DALOYS | BA32: environmental/other | BC32: PDS000219674.1 | BD32: 2
A33: CFIAFB20180598 | B33: CFIAFB20180598 | C33: STH-FD-2017-MI-2421 | D33: 2018-STH-0003 | E33: 2018-STH-0003 | G33: YES | H33: - | I33: terC | J33: 0 | K33: Raw extra-lean ground veal | L33: Raw meat | Veal | Ground | Extra lean |FRESH | M33: Meat | N33: Meat | O33: O91:H14 | P33: O91 (99.92):H14 (98.85) | Q33: VT1;VT2;uidA | R33: vtx1a;vtx2b | S33: Stx1a_19_AAAAYL020000128.1|Stx2b_116_AF043627 | T33: 33 | U33: 1587 | V33: ND | W33: 10443820 | X33: SAMN13334906 | Y33: GCA_027234905.2 | AA33: PRJNA454819 | AB33: SRS16250825 | AC33: SRR22858725 | AD33: PDT001543062.2 | AE33: 2022-12-22T05:39:41Z | AF33: Canada | AG33: DALPHY000000000.2 | AI33: PDG000000004.5130 | AJ33: Escherichia coli | AK33: espI=COMPLETE,espX1=PARTIAL,fdeC=COMPLETE,iha=COMPLETE,iha=MISTRANSLATION,ireA=COMPLETE,iucA=COMPLETE,iucB=COMPLETE,iucC=COMPLETE,iucD=COMPLETE,iutA=COMPLETE,lpfA-O113=COMPLETE,lpfA=COMPLETE,mchB=COMPLETE,mchF=COMPLETE,senB=COMPLETE,sslE=HMM,stx1a_operon=COMPLETE,stx2_operon=PARTIAL_CONTIG_END,stx2b_operon=COMPLETE,stxA1=COMPLETE,stxA2=COMPLETE,stxA2=PARTIAL_END_OF_CONTIG,stxB1=COMPLETE,stxB2=COMPLETE,subA=COMPLETE | AL33: emrE=COMPLETE | AM33: acrF=COMPLETE,blaEC=COMPLETE,mdtM=COMPLETE | AN33: 4.0.19 | AO33: 2024-12-18.1 | AP33: COMBINED | AQ33: 2018 | AR33: 78889 | AS33: 5581297 | AT33: 313 | AU33: PAIRED | AV33: 562 | AW33: Contig | AX33: SKESA v. 2.2 | AY33: 562 | AZ33: DALPHY | BA33: environmental/other | BC33: PDS000219674.1 | BD33: 1
A34: CFIAFB20180599 | B34: CFIAFB20180599 | C34: STH-FD-2017-MI-2421 | D34: 2018-STH-0004 | E34: 2018-STH-0004 | G34: YES | H34: - | I34: terC | J34: 0 | K34: Raw Ground Veal | L34: Raw meat | Veal | Ground | Extra lean |FRESH | M34: Meat | N34: Meat | O34: O91:H14 | P34: O91 (100.0):H14 (98.85) | Q34: VT1;VT2;uidA | R34: vtx1a;vtx2b | S34: Stx1a_19_AAAAYL020000128.1|Stx2b_116_AF043627 | T34: 33 | U34: 1587 | V34: ND | W34: 10443820 | X34: SAMN13334907 | Y34: GCA_027231405.2 | AA34: PRJNA454819 | AB34: SRS16250824 | AC34: SRR22858726 | AD34: PDT001543063.2 | AE34: 2022-12-22T05:39:41Z | AF34: Canada | AG34: DALPBL000000000.2 | AI34: PDG000000004.5130 | AJ34: Escherichia coli | AK34: espI=COMPLETE,espX1=PARTIAL,fdeC=COMPLETE,iha=MISTRANSLATION,iha=PARTIAL_END_OF_CONTIG,ireA=COMPLETE,iucA=COMPLETE,iucB=COMPLETE,iucC=COMPLETE,iucD=COMPLETE,iutA=COMPLETE,lpfA-O113=COMPLETE,lpfA=COMPLETE,mchB=COMPLETE,mchF=COMPLETE,senB=COMPLETE,sslE=HMM,stx1a_operon=COMPLETE,stx2_operon=PARTIAL_CONTIG_END,stx2b_operon=COMPLETE,stxA1=COMPLETE,stxA2=COMPLETE,stxA2=PARTIAL_END_OF_CONTIG,stxB1=COMPLETE,stxB2=COMPLETE,subA=COMPLETE | AL34: ariR=COMPLETE,emrE=COMPLETE | AM34: acrF=COMPLETE,blaEC=COMPLETE,mdtM=COMPLETE | AN34: 4.0.19 | AO34: 2024-12-18.1 | AP34: COMBINED | AQ34: 2018 | AR34: 111584 | AS34: 5587588 | AT34: 319 | AU34: PAIRED | AV34: 562 | AW34: Contig | AX34: SKESA v. 2.2 | AY34: 562 | AZ34: DALPBL | BA34: environmental/other | BC34: PDS000219674.1 | BD34: 0
A35: CFIAFB20180600 | B35: CFIAFB20180600 | C35: STH-FD-2018-MI-0013 | D35: 2018-STH-0065 | E35: 2018-STH-0065 | G35: YES | H35: - | I35: terC | J35: 0 | K35: Raw meat | Lamb | Ground | Lean | MADE FROM FRESH AND FROZEN MEAT | L35: Raw meat | Lamb | Ground | Lean | MADE FROM FRESH AND FROZEN MEAT | M35: Meat | N35: Meat | O35: O128:H2 | P35: O128ac;O128ab (100.0):H2 (99.93)ND | Q35: VT1;VT2;uidA | R35: vtx1c;vtx2b | S35: Stx1c_26_ABNCNA010000007.1|Stx2b_110_ABJBRM010000291.1 | T35: 4748 | U35: 29367 | V35: ND | W35: 10691518 | X35: SAMN13334908 | Y35: GCA_027232445.1 | AA35: PRJNA454819 | AB35: SRS16250851 | AC35: SRR22858699 | AD35: PDT001543036.1 | AE35: 2022-12-22T05:39:37Z | AF35: Canada | AG35: DALPDK000000000.1 | AH35: glpT_E448K=POINT,pmrB_Y358N=POINT | AI35: PDG000000004.5130 | AJ35: Escherichia coli | AK35: cvaC=COMPLETE,espX1=COMPLETE,fdeC=COMPLETE,iha=COMPLETE,ireA=COMPLETE,iroB=COMPLETE,iroC=COMPLETE,iroD=COMPLETE,iroE=COMPLETE,iroN=COMPLETE,iss=COMPLETE,iucA=COMPLETE,iucB=COMPLETE,iucC=COMPLETE,iucD=COMPLETE,iutA=COMPLETE,lpfA=COMPLETE,mchB=COMPLETE,mchF=COMPLETE,stxA1c=COMPLETE,stxA2b=COMPLETE,stxB1c=COMPLETE,stxB2b=COMPLETE,subA=PARTIAL_END_OF_CONTIG,subB=PARTIAL_END_OF_CONTIG | AL35: ariR=COMPLETE,emrE=COMPLETE | AM35: acrF=COMPLETE,blaEC=COMPLETE,glpT_E448K=POINT,mdtM=COMPLETE,pmrB_Y358N=POINT | AN35: 3.11.26 | AO35: 2023-08-08.2 | AP35: COMBINED | AQ35: 2018 | AR35: 133342 | AS35: 5486624 | AT35: 400 | AU35: PAIRED | AV35: 562 | AW35: Contig | AX35: SKESA v. 2.2 | AY35: 562 | AZ35: DALPDK | BA35: environmental/other | BC35: PDS000129633.1 | BD35: 2
A36: CFIAFB20180601 | B36: CFIAFB20180601 | C36: STH-FD-2018-MI-0013 | D36: 2018-STH-0066 | E36: 2018-STH-0066 | G36: YES | H36: - | I36: terC | J36: 0 | K36: Raw Ground Lamb | L36: Raw meat | Lamb | Ground | Lean | MADE FROM FRESH AND FROZEN MEAT | M36: Meat | N36: Meat | O36: O128:H2 | P36: O128ac;O128ab (100.0):H2 (99.93)ND | Q36: VT1;VT2;uidA | R36: vtx1c;vtx2b | S36: Stx1c_26_ABNCNA010000007.1|Stx2b_110_ABJBRM010000291.1 | T36: 4748 | U36: 29367 | V36: ND | W36: 10691518 | X36: SAMN13334909 | Y36: GCA_027226825.1 | AA36: PRJNA454819 | AB36: SRS16250818 | AC36: SRR22858732 | AD36: PDT001543069.1 | AE36: 2022-12-22T05:39:43Z | AF36: Canada | AG36: DALOWO000000000.1 | AH36: glpT_E448K=POINT,pmrB_Y358N=POINT | AI36: PDG000000004.5130 | AJ36: Escherichia coli | AK36: cvaC=COMPLETE,espX1=COMPLETE,fdeC=COMPLETE,iha=COMPLETE,ireA=COMPLETE,iroB=COMPLETE,iroC=COMPLETE,iroD=COMPLETE,iroE=COMPLETE,iroN=COMPLETE,iss=COMPLETE,iucA=COMPLETE,iucB=COMPLETE,iucC=COMPLETE,iucD=COMPLETE,iutA=COMPLETE,lpfA=COMPLETE,mchB=COMPLETE,mchF=COMPLETE,stxA1c=COMPLETE,stxA2b=COMPLETE,stxB1c=COMPLETE,stxB2b=COMPLETE,subA=COMPLETE,subB=PARTIAL_END_OF_CONTIG | AL36: ariR=COMPLETE,emrE=COMPLETE | AM36: acrF=COMPLETE,blaEC=COMPLETE,glpT_E448K=POINT,mdtM=COMPLETE,pmrB_Y358N=POINT | AN36: 3.11.26 | AO36: 2023-08-08.2 | AP36: COMBINED | AQ36: 2018 | AR36: 133342 | AS36: 5506710 | AT36: 354 | AU36: PAIRED | AV36: 562 | AW36: Contig | AX36: SKESA v. 2.2 | AY36: 562 | AZ36: DALOWO | BA36: environmental/other | BC36: PDS000129633.1 | BD36: 2
A37: CFIAFB20180602 | B37: CFIAFB20180602 | C37: STH-FD-2018-MI-0086 | D37: 2018-STH-0067 | E37: 2018-STH-0067 | G37: YES | H37: - | I37: terC | J37: 0 | K37: Raw ground lamb | L37: Raw meat | Lamb | Ground | Frozen | M37: Meat | N37: Other | O37: O128:H2 | P37: O128ab (100.0):H2 (100.0)ND | Q37: VT1;VT2;uidA | R37: vtx1c;vtx2b | S37: Stx1c_12_Z36901|Stx2b_116_AF043627 | T37: 25 | U37: 30074 | V37: ND | W37: 10691518 | X37: SAMN13334910 | Y37: GCA_027228865.1 | AA37: PRJNA454819 | AB37: SRS16250807 | AC37: SRR22858743 | AD37: PDT001543080.1 | AE37: 2022-12-22T05:39:45Z | AF37: Canada | AG37: DALOXS000000000.1 | AH37: glpT_E448K=POINT,pmrB_Y358N=POINT | AI37: PDG000000004.5130 | AJ37: Escherichia coli | AK37: cvaC=COMPLETE,ehxA=COMPLETE,espX1=COMPLETE,fdeC=COMPLETE,iha=COMPLETE,ireA=COMPLETE,iss=COMPLETE,lpfA=COMPLETE,mchB=COMPLETE,mchF=COMPLETE,stxA1c=COMPLETE,stxA2b=COMPLETE,stxB1c=COMPLETE,stxB2b=COMPLETE,subA=COMPLETE,subB=PARTIAL_END_OF_CONTIG,ybtP=COMPLETE,ybtQ=COMPLETE | AL37: ariR=COMPLETE,emrE=COMPLETE | AM37: acrF=PARTIAL,blaEC=COMPLETE,glpT_E448K=POINT,mdtM=COMPLETE,pmrB_Y358N=POINT | AN37: 3.11.26 | AO37: 2023-08-08.2 | AP37: COMBINED | AQ37: 2018 | AR37: 113308 | AS37: 5552907 | AT37: 469 | AU37: PAIRED | AV37: 562 | AW37: Contig | AX37: SKESA v. 2.2 | AY37: 562 | AZ37: DALOXS | BA37: environmental/other
A38: WGL 2000-387 | B38: CFIAFB20000006 | C38: WGL 2000-387-1, 90020608 | D38: 2016-BUR-0134 | E38: 2016-BUR-0134 | G38: YES | H38: - | I38: terZ/A/B/C/D/E/W | J38: #N/A | K38: Missing | L38: Missing | M38: Meat | N38: Other | O38: O157:H7 | P38: O157 (100.0):H7 (100.0)ND | Q38: eae;O157;VT1;VT2;uidA | R38: vtx1a;vtx2a | S38: Stx1a_9_AB035142|Stx2a_1_X07865 | T38: 11 | U38: 2124 | V38: ND | W38: NO | X38: SAMN13333295 | Y38: GCA_027231045.1 | AA38: PRJNA454819 | AB38: SRS16250949 | AC38: SRR22858882 | AD38: PDT001543219.1 | AE38: 2022-12-22T05:40:10Z | AF38: Canada | AG38: DALPAR000000000.1 | AH38: glpT_E448K=POINT,pmrB_Y358N=POINT | AI38: PDG000000004.5130 | AJ38: Escherichia coli | AK38: eae=COMPLETE,ehxA=COMPLETE,espA=COMPLETE,espB=COMPLETE,espJ=COMPLETE,espK=COMPLETE,espP=COMPLETE,espX1=COMPLETE,etpD=COMPLETE,fdeC=COMPLETE,iha=COMPLETE,katP=COMPLETE,lpfA1=COMPLETE,lpfA2=COMPLETE,nleA=COMPLETE,nleB2=COMPLETE,nleB=COMPLETE,nleC=COMPLETE,nleC=MISTRANSLATION,stxA1a=COMPLETE,stxA2c=COMPLETE,stxB1a=COMPLETE,stxB2a=COMPLETE,tccP=PARTIAL_END_OF_CONTIG,tir=COMPLETE,toxB=COMPLETE | AL38: emrE=COMPLETE,terD=COMPLETE,terW=COMPLETE,terZ=COMPLETE | AM38: acrF=MISTRANSLATION,blaEC=COMPLETE,glpT_E448K=POINT,mdtM=COMPLETE,pmrB_Y358N=POINT | AN38: 3.11.26 | AO38: 2023-08-08.2 | AP38: COMBINED | AQ38: 2000 | AR38: 157712 | AS38: 5408618 | AT38: 217 | AU38: PAIRED | AV38: 562 | AW38: Contig | AX38: SKESA v. 2.2 | AY38: 562 | AZ38: DALPAR | BA38: environmental/other | BC38: PDS000129654.1 | BD38: 1 | BE38: 33
A39: WGL 2000-406 | B39: CFIAFB20000007 | C39: WGL 2000-406-3, 90020772 | D39: 2016-BUR-0137 | E39: 2016-BUR-0137 | G39: YES | H39: - | I39: terZ/A/B/C/D/E/W | J39: #N/A | K39: Missing | L39: Missing | M39: Meat | N39: Other | O39: O157:H7 | P39: O157 (100.0):H7 (100.0)ND | Q39: eae;O157;VT1;VT2;uidA | R39: vtx1a;vtx2a | S39: Stx1a_9_AB035142|Stx2a_1_X07865 | T39: 11 | U39: 2124 | V39: ND | W39: NO | X39: SAMN13333296 | Y39: GCA_027230245.1 | AA39: PRJNA454819 | AB39: SRS16250947 | AC39: SRR22858884 | AD39: PDT001543221.1 | AE39: 2022-12-22T05:40:11Z | AF39: Canada | AG39: DALOZG000000000.1 | AH39: glpT_E448K=POINT,pmrB_Y358N=POINT | AI39: PDG000000004.5130 | AJ39: Escherichia coli | AK39: eae=COMPLETE,ehxA=COMPLETE,espA=COMPLETE,espB=COMPLETE,espF=PARTIAL,espJ=COMPLETE,espK=COMPLETE,espP=COMPLETE,espX1=COMPLETE,etpD=COMPLETE,fdeC=COMPLETE,iha=COMPLETE,katP=COMPLETE,lpfA1=COMPLETE,lpfA2=COMPLETE,nleA=COMPLETE,nleB2=COMPLETE,nleB=COMPLETE,nleC=COMPLETE,stxA1a=COMPLETE,stxA2c=COMPLETE,stxB1a=COMPLETE,stxB2a=COMPLETE,tccP=PARTIAL_END_OF_CONTIG,tir=COMPLETE,toxB=COMPLETE | AL39: emrE=COMPLETE,terD=COMPLETE,terW=COMPLETE,terZ=COMPLETE | AM39: acrF=MISTRANSLATION,blaEC=COMPLETE,glpT_E448K=POINT,mdtM=COMPLETE,pmrB_Y358N=POINT | AN39: 3.11.26 | AO39: 2023-08-08.2 | AP39: COMBINED | AQ39: 2000 | AR39: 160449 | AS39: 5377622 | AT39: 174 | AU39: PAIRED | AV39: 562 | AW39: Contig | AX39: SKESA v. 2.2 | AY39: 562 | AZ39: DALOZG | BA39: environmental/other | BC39: PDS000145017.6 | BD39: 30 | BE39: 26
A40: WGL 2000-408 | B40: CFIAFB20000008 | C40: WGL 2000-408-4, 90020774 | D40: 2016-BUR-0138 | E40: 2016-BUR-0138 | G40: YES | H40: - | I40: terZ/A/B/C/D/E/W | J40: #N/A | K40: Missing | L40: Missing | M40: Meat | N40: Other | O40: O157:H7 | P40: O157 (100.0):H7 (100.0)ND | Q40: eae;O157;VT1;VT2;uidA | R40: vtx1a;vtx2a | S40: Stx1a_9_AB035142|Stx2a_1_X07865 | T40: 11 | U40: 2124 | V40: ND | W40: NO | X40: SAMN13333297 | Y40: GCA_027231245.1 | AA40: PRJNA454819 | AB40: SRS16250999 | AC40: SRR22858832 | AD40: PDT001543169.1 | AE40: 2022-12-22T05:40:01Z | AF40: Canada | AG40: DALPBC000000000.1 | AH40: glpT_E448K=POINT,pmrB_Y358N=POINT | AI40: PDG000000004.5130 | AJ40: Escherichia coli | AK40: eae=COMPLETE,ehxA=COMPLETE,espA=COMPLETE,espB=COMPLETE,espJ=COMPLETE,espK=COMPLETE,espP=COMPLETE,espX1=COMPLETE,etpD=COMPLETE,fdeC=COMPLETE,iha=COMPLETE,katP=COMPLETE,lpfA1=COMPLETE,lpfA2=COMPLETE,nleA=COMPLETE,nleB2=COMPLETE,nleB=COMPLETE,nleC=COMPLETE,nleC=MISTRANSLATION,stxA1a=COMPLETE,stxA2c=COMPLETE,stxB1a=COMPLETE,stxB2a=COMPLETE,tccP=PARTIAL_END_OF_CONTIG,tir=COMPLETE,toxB=COMPLETE | AL40: emrE=COMPLETE,terD=COMPLETE,terW=COMPLETE,terZ=COMPLETE | AM40: acrF=MISTRANSLATION,blaEC=COMPLETE,glpT_E448K=POINT,mdtM=COMPLETE,pmrB_Y358N=POINT | AN40: 3.11.26 | AO40: 2023-08-08.2 | AP40: COMBINED | AQ40: 2000 | AR40: 160449 | AS40: 5419829 | AT40: 187 | AU40: PAIRED | AV40: 562 | AW40: Contig | AX40: SKESA v. 2.2 | AY40: 562 | AZ40: DALPBC | BA40: environmental/other | BC40: PDS000129654.1 | BD40: 1 | BE40: 32
A41: CFIAFB20010012 | B41: CFIAFB20010012 | C41: CAL-FD-2001-MC-0066 | D41: 2019-CAL-0097 | E41: 2019-CAL-0097 | G41: YES | H41: - | I41: terZ/A/B/C/D/E/W | J41: #N/A | K41: Raw Meat | Beef | Ground | L41: Raw Meat | Beef | Ground | M41: Meat | N41: Other | O41: O157:H7 | P41: O157 (100.0):H7 (100.0) | Q41: eae;hlyAEc;O157;VT1;VT2;uidA | R41: vtx1a;vtx2a | S41: Stx1a_9_AB035142|Stx2a_1_X07865 | T41: 11 | U41: 30512 | V41: macrolide(mdf(A) (98.54%)); | W41: 0 | X41: SAMN13333304 | Y41: GCA_027230505.1 | AA41: PRJNA454819 | AB41: SRS16250998 | AC41: SRR22858833 | AD41: PDT001543170.1 | AE41: 2022-12-22T05:40:01Z | AF41: Canada | AG41: DALOZW000000000.1 | AH41: glpT_E448K=POINT,pmrB_Y358N=POINT | AI41: PDG000000004.5130 | AJ41: Escherichia coli | AK41: eae=COMPLETE,ehxA=COMPLETE,espA=COMPLETE,espB=COMPLETE,espF=PARTIAL,espJ=COMPLETE,espK=COMPLETE,espP=COMPLETE,espX1=COMPLETE,etpD=COMPLETE,fdeC=COMPLETE,iha=COMPLETE,katP=COMPLETE,lpfA1=COMPLETE,lpfA2=COMPLETE,nleA=COMPLETE,nleB2=COMPLETE,nleB=COMPLETE,nleC=COMPLETE,stxA1a=COMPLETE,stxA2c=COMPLETE,stxB1a=COMPLETE,stxB2a=COMPLETE,tccP=PARTIAL_END_OF_CONTIG,tir=COMPLETE,toxB=COMPLETE | AL41: emrE=COMPLETE,terD=COMPLETE,terW=COMPLETE,terZ=COMPLETE | AM41: acrF=MISTRANSLATION,blaEC=COMPLETE,glpT_E448K=POINT,mdtM=COMPLETE,pmrB_Y358N=POINT | AN41: 3.11.26 | AO41: 2023-08-08.2 | AP41: COMBINED | AQ41: 2001 | AR41: 150261 | AS41: 5380523 | AT41: 228 | AU41: PAIRED | AV41: 562 | AW41: Contig | AX41: SKESA v. 2.2 | AY41: 562 | AZ41: DALOZW | BA41: environmental/other | BC41: PDS000035066.74 | BD41: 18 | BE41: 15
A42: CFIAFB20010013 | B42: CFIAFB20010013 | C42: CAL-FD-2001-MC-0585 | D42: 2019-CAL-0098 | E42: 2019-CAL-0098 | G42: YES | H42: - | I42: terZ/A/B/C/D/E/W | J42: #N/A | K42: Raw Meat | Beef | Ground | L42: Raw Meat | Beef | Ground | M42: Meat | N42: Other | O42: O157:H7 | P42: O157 (100.0):H7 (100.0) | Q42: eae;hlyAEc;O157;VT1;VT2;uidA | R42: vtx1a;vtx2a | S42: Stx1a_9_AB035142|Stx2a_1_X07865 | T42: 11 | U42: 2124 | V42: macrolide(mdf(A) (98.54%)); | W42: 0 | X42: SAMN13333305 | Y42: GCA_027234705.1 | AA42: PRJNA454819 | AB42: SRS16250997 | AC42: SRR22858834 | AD42: PDT001543171.1 | AE42: 2022-12-22T05:40:01Z | AF42: Canada | AG42: DALPHQ000000000.1 | AH42: glpT_E448K=POINT,pmrB_Y358N=POINT | AI42: PDG000000004.5130 | AJ42: Escherichia coli | AK42: eae=COMPLETE,ehxA=COMPLETE,espA=COMPLETE,espB=COMPLETE,espJ=COMPLETE,espK=COMPLETE,espP=COMPLETE,espX1=COMPLETE,etpD=COMPLETE,fdeC=COMPLETE,iha=COMPLETE,katP=COMPLETE,lpfA1=COMPLETE,lpfA2=COMPLETE,nleA=COMPLETE,nleB2=COMPLETE,nleB=COMPLETE,nleC=COMPLETE,stxA1a=COMPLETE,stxA2c=COMPLETE,stxB1a=COMPLETE,stxB2a=COMPLETE,tccP=PARTIAL_END_OF_CONTIG,tir=COMPLETE,toxB=COMPLETE | AL42: emrE=COMPLETE,terD=COMPLETE,terW=COMPLETE,terZ=COMPLETE | AM42: acrF=MISTRANSLATION,blaEC=COMPLETE,glpT_E448K=POINT,mdtM=COMPLETE,pmrB_Y358N=POINT | AN42: 3.11.26 | AO42: 2023-08-08.2 | AP42: COMBINED | AQ42: 2001 | AR42: 142555 | AS42: 5328687 | AT42: 189 | AU42: PAIRED | AV42: 562 | AW42: Contig | AX42: SKESA v. 2.2 | AY42: 562 | AZ42: DALPHQ | BA42: environmental/other
A43: CFIAFB20010014 | B43: CFIAFB20010014 | C43: CAL-FD-2001-MC-0672 | D43: 2019-CAL-0099 | E43: 2019-CAL-0099 | G43: YES | H43: - | I43: terZ/A/B/C/D/E/W | J43: #N/A | K43: Raw Meat | Beef | Ground | L43: Raw Meat | Beef | Ground | M43: Meat | N43: Other | O43: O157:H7 | P43: O157 (100.0):H7 (100.0) | Q43: eae;hlyAEc;O157;VT2;uidA | R43: vtx2a | S43: Stx2a_1_X07865 | T43: 11 | U43: 2124 | V43: macrolide(mdf(A) (98.54%)); | W43: 0 | X43: SAMN13333306 | Y43: GCA_027230485.1 | AA43: PRJNA454819 | AB43: SRS16250996 | AC43: SRR22858835 | AD43: PDT001543172.1 | AE43: 2022-12-22T05:40:01Z | AF43: Canada | AG43: DALOZR000000000.1 | AH43: glpT_E448K=POINT,pmrB_Y358N=POINT | AI43: PDG000000004.5130 | AJ43: Escherichia coli | AK43: eae=COMPLETE,ehxA=COMPLETE,espA=COMPLETE,espB=COMPLETE,espJ=PARTIAL,espK=COMPLETE,espP=COMPLETE,espX1=COMPLETE,etpD=COMPLETE,fdeC=COMPLETE,iha=COMPLETE,katP=COMPLETE,lpfA1=COMPLETE,lpfA2=COMPLETE,nleA=COMPLETE,nleB2=COMPLETE,nleB=COMPLETE,nleC=COMPLETE,stxA2c=COMPLETE,stxB2a=COMPLETE,tccP=PARTIAL_END_OF_CONTIG,tir=COMPLETE,toxB=COMPLETE | AL43: emrE=COMPLETE,terD=COMPLETE,terW=COMPLETE,terZ=COMPLETE | AM43: acrF=MISTRANSLATION,blaEC=COMPLETE,glpT_E448K=POINT,mdtM=COMPLETE,pmrB_Y358N=POINT | AN43: 3.11.26 | AO43: 2023-08-08.2 | AP43: COMBINED | AQ43: 2001 | AR43: 157599 | AS43: 5373582 | AT43: 165 | AU43: PAIRED | AV43: 562 | AW43: Contig | AX43: SKESA v. 2.2 | AY43: 562 | AZ43: DALOZR | BA43: environmental/other | BC43: PDS000145017.6 | BD43: 28 | BE43: 26
A44: CFIAFB20020028 | B44: CFIAFB20020028 | C44: BUR-FD-2002-MI-00344 | D44: 2016-BUR-0136 | E44: 2016-BUR-0136 | G44: YES | H44: - | I44: terZ/A/B/C/D/E/W | J44: #N/A | K44: Raw Meat | Beef | Ground | L44: Raw Meat | Beef | Ground | M44: Meat | N44: Other | O44: O157:H7 | P44: O157 (100.0):H7 (100.0)ND | Q44: eae;O157;VT1;VT2;uidA | R44: vtx1a;vtx2a | S44: Stx1a_9_AB035142|Stx2a_1_X07865 | T44: 11 | U44: 2124 | V44: ND | W44: NO | X44: SAMN13333330 | Y44: GCA_027232985.1 | AA44: PRJNA454819 | AB44: SRS16250995 | AC44: SRR22858836 | AD44: PDT001543173.1 | AE44: 2022-12-22T05:40:02Z | AF44: Canada | AG44: DALPEL000000000.1 | AH44: glpT_E448K=POINT,pmrB_Y358N=POINT | AI44: PDG000000004.5130 | AJ44: Escherichia coli | AK44: eae=COMPLETE,ehxA=COMPLETE,espA=COMPLETE,espB=COMPLETE,espF=PARTIAL,espJ=COMPLETE,espK=COMPLETE,espP=COMPLETE,espX1=COMPLETE,etpD=COMPLETE,fdeC=COMPLETE,iha=COMPLETE,katP=COMPLETE,lpfA1=COMPLETE,lpfA2=COMPLETE,nleA=COMPLETE,nleB2=COMPLETE,nleB=COMPLETE,nleC=COMPLETE,stxA1a=COMPLETE,stxA2c=COMPLETE,stxB1a=COMPLETE,stxB2a=COMPLETE,tir=COMPLETE,toxB=COMPLETE | AL44: emrE=COMPLETE,terD=COMPLETE,terW=COMPLETE,terZ=COMPLETE | AM44: acrF=MISTRANSLATION,blaEC=COMPLETE,glpT_E448K=POINT,mdtM=COMPLETE,pmrB_Y358N=POINT | AN44: 3.11.26 | AO44: 2023-08-08.2 | AP44: COMBINED | AQ44: 2002 | AR44: 146507 | AS44: 5443939 | AT44: 216 | AU44: PAIRED | AV44: 562 | AW44: Contig | AX44: SKESA v. 2.2 | AY44: 562 | AZ44: DALPEL | BA44: environmental/other | BC44: PDS000048338.5 | BE44: 12
A45: CFIAFB20040032 | B45: CFIAFB20040032 | C45: CAL-FD-2004-MI-0590 | D45: 2017-CAL-0120 | E45: 2017-CAL-0120 | G45: YES | H45: - | I45: terZ/A/B/C/D/E/W | J45: #N/A | K45: Raw Meat | Beef | Trim | L45: Raw Meat | Beef | Trim | M45: Meat | N45: Other | O45: O157:H7 | P45: O157 (100.0):H7 (100.0) | Q45: eae;hlyAEc;O157;VT2;uidA | R45: vtx2c | S45: Stx2c_17_AB015057 | T45: 11 | U45: 2131 | V45: macrolide(mdf(A) (98.54%)); | W45: NO | X45: SAMN13333346 | Y45: GCA_027234685.1 | AA45: PRJNA454819 | AB45: SRS16250994 | AC45: SRR22858837 | AD45: PDT001543174.1 | AE45: 2022-12-22T05:40:02Z | AF45: Canada | AG45: DALPHP000000000.1 | AH45: glpT_E448K=POINT,pmrB_Y358N=POINT | AI45: PDG000000004.5130 | AJ45: Escherichia coli | AK45: eae=COMPLETE,ehxA=COMPLETE,espA=COMPLETE,espB=COMPLETE,espJ=COMPLETE,espK=COMPLETE,espP=COMPLETE,espX1=COMPLETE,etpD=COMPLETE,fdeC=COMPLETE,iha=COMPLETE,katP=COMPLETE,lpfA1=COMPLETE,lpfA2=COMPLETE,nleA=COMPLETE,nleB2=COMPLETE,nleB=COMPLETE,nleC=COMPLETE,stxA2c=COMPLETE,stxB2c=COMPLETE,tccP=PARTIAL_END_OF_CONTIG,tir=COMPLETE,toxB=COMPLETE | AL45: emrE=COMPLETE,terD=COMPLETE,terW=COMPLETE,terZ=COMPLETE | AM45: acrF=MISTRANSLATION,blaEC=COMPLETE,glpT_E448K=POINT,mdtM=COMPLETE,pmrB_Y358N=POINT | AN45: 3.11.26 | AO45: 2023-08-08.2 | AP45: COMBINED | AQ45: 2004 | AR45: 175086 | AS45: 5306769 | AT45: 185 | AU45: PAIRED | AV45: 562 | AW45: Contig | AX45: SKESA v. 2.2 | AY45: 562 | AZ45: DALPHP | BA45: environmental/other | BC45: PDS000181369.214 | BD45: 0 | BE45: 25
A46: CFIAFB20040033 | B46: CFIAFB20040033 | C46: CAL-FD-2004-MI-0590 | D46: 2017-CAL-0119 | E46: 2017-CAL-0119 | G46: YES | H46: - | I46: terZ/A/B/C/D/E/W | J46: #N/A | K46: Raw Meat | Beef | Trim | L46: Raw Meat | Beef | Trim | M46: Meat | N46: Other | O46: O157:H7 | P46: O157 (100.0):H7 (100.0) | Q46: eae;hlyAEc;O157;VT2;uidA | R46: vtx2a | S46: Stx2a_1_JH968311.1 | T46: 11 | U46: 2131 | V46: macrolide(mdf(A) (98.54%)); | W46: NO | X46: SAMN13333347 | Y46: GCA_027233005.2 | AA46: PRJNA454819 | AB46: SRS16250993 | AC46: SRR22858838 | AD46: PDT001543175.2 | AE46: 2022-12-22T05:40:02Z | AF46: Canada | AG46: DALPEJ000000000.2 | AI46: PDG000000004.5130 | AJ46: Escherichia coli | AK46: eae=COMPLETE,ehxA=COMPLETE,espA=COMPLETE,espB=COMPLETE,espJ=COMPLETE,espK=COMPLETE,espP=COMPLETE,espX1=COMPLETE,etpD=COMPLETE,fdeC=COMPLETE,iha=COMPLETE,katP=COMPLETE,lpfA1=COMPLETE,lpfA2=COMPLETE,nleA=COMPLETE,nleB2=COMPLETE,nleB=COMPLETE,nleC=COMPLETE,stx2_operon=PARTIAL_CONTIG_END,stx2a_operon=COMPLETE,stx2c_operon=COMPLETE,stxA2=COMPLETE,stxA2=PARTIAL_END_OF_CONTIG,stxB2=COMPLETE,tccP=PARTIAL_END_OF_CONTIG,tir=COMPLETE,toxB=PARTIAL_END_OF_CONTIG | AL46: emrE=COMPLETE,terD=COMPLETE,terW=COMPLETE,terZ=COMPLETE | AM46: acrF=MISTRANSLATION,blaEC=COMPLETE,mdtM=COMPLETE | AN46: 4.0.19 | AO46: 2024-12-18.1 | AP46: COMBINED | AQ46: 2004 | AR46: 136107 | AS46: 5361234 | AT46: 218 | AU46: PAIRED | AV46: 562 | AW46: Contig | AX46: SKESA v. 2.2 | AY46: 562 | AZ46: DALPEJ | BA46: environmental/other | BC46: PDS000181369.214 | BD46: 0 | BE46: 25
A47: CFIAFB20040034 | B47: CFIAFB20040034 | C47: CAL-FD-2004-MI-1215 | D47: 2017-CAL-0121 | E47: 2017-CAL-0121 | G47: YES | H47: - | I47: terZ/A/B/C/D/E/W | J47: #N/A | K47: Raw Meat | Beef | L47: Raw Meat | Beef | M47: Meat | N47: Other | O47: O157:H7 | P47: O157 (100.0):H7 (100.0) | Q47: eae;hlyAEc;O157;VT1;VT2;uidA | R47: vtx1a;vtx2a | S47: Stx1a_9_AB035142|Stx2a_1_X07865 | T47: 11 | U47: 2133 | V47: macrolide(mdf(A) (98.54%)); | W47: NO | X47: SAMN13333348 | Y47: GCA_027230445.1 | AA47: PRJNA454819 | AB47: SRS16250992 | AC47: SRR22858839 | AD47: PDT001543176.1 | AE47: 2022-12-22T05:40:02Z | AF47: Canada | AG47: DALOZQ000000000.1 | AH47: glpT_E448K=POINT,pmrB_Y358N=POINT | AI47: PDG000000004.5130 | AJ47: Escherichia coli | AK47: eae=COMPLETE,ehxA=COMPLETE,espA=COMPLETE,espB=COMPLETE,espF=PARTIAL,espJ=COMPLETE,espK=COMPLETE,espP=COMPLETE,espX1=COMPLETE,etpD=COMPLETE,fdeC=COMPLETE,iha=COMPLETE,katP=COMPLETE,lpfA1=COMPLETE,lpfA2=COMPLETE,nleA=COMPLETE,nleB2=COMPLETE,nleB=COMPLETE,nleC=COMPLETE,stxA1a=COMPLETE,stxA2c=COMPLETE,stxB1a=COMPLETE,stxB2a=COMPLETE,tccP=PARTIAL_END_OF_CONTIG,tir=COMPLETE,toxB=PARTIAL_END_OF_CONTIG | AL47: emrE=COMPLETE,terD=COMPLETE,terW=COMPLETE,terZ=COMPLETE | AM47: acrF=MISTRANSLATION,blaEC=COMPLETE,glpT_E448K=POINT,mdtM=COMPLETE,pmrB_Y358N=POINT | AN47: 3.11.26 | AO47: 2023-08-08.2 | AP47: COMBINED | AQ47: 2004 | AR47: 71779 | AS47: 5333120 | AT47: 278 | AU47: PAIRED | AV47: 562 | AW47: Contig | AX47: SKESA v. 2.2 | AY47: 562 | AZ47: DALOZQ | BA47: environmental/other | BC47: PDS000004368.92 | BD47: 7 | BE47: 6
A48: CFIAFB20040035 | B48: CFIAFB20040035 | C48: DAR-FD-2004-MI-00406 | D48: 2017-CAL-0118 | E48: 2017-CAL-0118 | G48: YES | H48: - | I48: terZ/A/B/C/D/E/W | J48: #N/A | K48: Raw Meat | Beef | Ground | L48: Raw Meat | Beef | Ground | M48: Meat | N48: Other | O48: O157:H7 | P48: O157 (100.0):H7 (100.0) | Q48: eae;hlyAEc;O157;VT1;VT2;uidA | R48: vtx1a;vtx2a | S48: Stx1a_9_AB035142|Stx2a_1_X07865 | T48: 11 | U48: 2124 | V48: macrolide(mdf(A) (98.54%)); | W48: NO | X48: SAMN13333349 | Y48: GCA_027226755.1 | AA48: PRJNA454819 | AB48: SRS16250991 | AC48: SRR22858840 | AD48: PDT001543177.1 | AE48: 2022-12-22T05:40:02Z | AF48: Canada | AG48: DALOWH000000000.1 | AH48: glpT_E448K=POINT,pmrB_Y358N=POINT | AI48: PDG000000004.5130 | AJ48: Escherichia coli | AK48: eae=COMPLETE,ehxA=COMPLETE,espA=COMPLETE,espB=COMPLETE,espJ=PARTIAL,espK=COMPLETE,espP=COMPLETE,espX1=COMPLETE,etpD=COMPLETE,fdeC=COMPLETE,iha=COMPLETE,katP=COMPLETE,lpfA1=COMPLETE,lpfA2=COMPLETE,nleA=COMPLETE,nleB2=COMPLETE,nleB=COMPLETE,nleC=COMPLETE,stxA1a=COMPLETE,stxA2c=COMPLETE,stxB1a=COMPLETE,stxB2a=COMPLETE,tccP=PARTIAL_END_OF_CONTIG,tir=COMPLETE,toxB=COMPLETE | AL48: emrE=COMPLETE,terD=COMPLETE,terW=COMPLETE,terZ=COMPLETE | AM48: acrF=MISTRANSLATION,blaEC=COMPLETE,glpT_E448K=POINT,mdtM=COMPLETE,pmrB_Y358N=POINT | AN48: 3.11.26 | AO48: 2023-08-08.2 | AP48: COMBINED | AQ48: 2004 | AR48: 106634 | AS48: 5414764 | AT48: 221 | AU48: PAIRED | AV48: 562 | AW48: Contig | AX48: SKESA v. 2.2 | AY48: 562 | AZ48: DALOWH | BA48: environmental/other
A49: CFIAFB20040036 | B49: CFIAFB20040036 | C49: STH-FD-2004-MI-0263 | D49: 2017-CAL-0117 | E49: 2017-CAL-0117 | G49: YES | H49: - | I49: terZ/A/B/C/D/E/W | J49: #N/A | K49: Raw Meat | Beef | Ground | L49: Raw Meat | Beef | Ground | M49: Meat | N49: Other | O49: O157:H7 | P49: O157 (100.0):H7 (100.0) | Q49: eae;hlyAEc;O157;VT1;uidA | R49: vtx1a | S49: Stx1a_9_AF461168 | T49: 11 | U49: 2105 | V49: macrolide(mdf(A) (98.54%)); | W49: NO | X49: SAMN13333350 | Y49: GCA_027231165.1 | AA49: PRJNA454819 | AB49: SRS16250989 | AC49: SRR22858842 | AD49: PDT001543179.1 | AE49: 2022-12-22T05:40:03Z | AF49: Canada | AG49: DALPBA000000000.1 | AH49: glpT_E448K=POINT,pmrB_Y358N=POINT | AI49: PDG000000004.5130 | AJ49: Escherichia coli | AK49: eae=COMPLETE,ehxA=COMPLETE,espA=COMPLETE,espB=COMPLETE,espF=PARTIAL,espJ=COMPLETE,espK=COMPLETE,espP=COMPLETE,espX1=COMPLETE,etpD=COMPLETE,fdeC=COMPLETE,iha=COMPLETE,katP=COMPLETE,lpfA1=COMPLETE,lpfA2=COMPLETE,nleA=COMPLETE,nleB2=COMPLETE,nleB=COMPLETE,nleC=COMPLETE,nleC=PARTIAL_END_OF_CONTIG,stxA1a=COMPLETE,stxB1a=COMPLETE,tccP=PARTIAL_END_OF_CONTIG,tir=COMPLETE,toxB=PARTIAL_END_OF_CONTIG | AL49: emrE=COMPLETE,terD=COMPLETE,terW=COMPLETE,terZ=COMPLETE | AM49: acrF=MISTRANSLATION,blaEC=COMPLETE,glpT_E448K=POINT,mdtM=COMPLETE,pmrB_Y358N=POINT | AN49: 3.11.26 | AO49: 2023-08-08.2 | AP49: COMBINED | AQ49: 2004 | AR49: 106899 | AS49: 5328316 | AT49: 208 | AU49: PAIRED | AV49: 562 | AW49: Contig | AX49: SKESA v. 2.2 | AY49: 562 | AZ49: DALPBA | BA49: environmental/other
A50: CFIAFB20050045 | B50: CFIAFB20050045 | C50: STH-FD-2005-MI-1439 | D50: 2017-CAL-0123 | E50: 2017-CAL-0123 | G50: YES | H50: - | I50: terZ/A/B/C/D/E/W | J50: #N/A | K50: Raw Meat | Beef | Ground | L50: Raw Meat | Beef | Ground | M50: Meat | N50: Other | O50: O157:H7 | P50: O157 (100.0):H7 (100.0) | Q50: eae;hlyAEc;O157;VT1;VT2;uidA | R50: vtx1a;vtx2a | S50: Stx1a_9_AB035142|Stx2a_1_X07865 | T50: 11 | U50: 2124 | V50: macrolide(mdf(A) (98.54%)); | W50: NO | X50: SAMN13333360 | Y50: GCA_027226725.1 | AA50: PRJNA454819 | AB50: SRS16250988 | AC50: SRR22858843 | AD50: PDT001543180.1 | AE50: 2022-12-22T05:40:03Z | AF50: Canada | AG50: DALOWF000000000.1 | AH50: glpT_E448K=POINT,pmrB_Y358N=POINT | AI50: PDG000000004.5130 | AJ50: Escherichia coli | AK50: eae=COMPLETE,ehxA=COMPLETE,espA=COMPLETE,espB=COMPLETE,espF=PARTIAL,espJ=COMPLETE,espK=COMPLETE,espP=COMPLETE,espX1=COMPLETE,etpD=COMPLETE,fdeC=COMPLETE,iha=COMPLETE,katP=COMPLETE,lpfA1=COMPLETE,lpfA2=COMPLETE,nleA=COMPLETE,nleB2=COMPLETE,nleB=COMPLETE,nleC=COMPLETE,stxA1a=COMPLETE,stxA2c=COMPLETE,stxB1a=COMPLETE,stxB2a=COMPLETE,tccP=PARTIAL_END_OF_CONTIG,tir=COMPLETE,toxB=PARTIAL_END_OF_CONTIG | AL50: emrE=COMPLETE,terD=COMPLETE,terW=COMPLETE,terZ=COMPLETE | AM50: acrF=MISTRANSLATION,blaEC=COMPLETE,glpT_E448K=POINT,mdtM=COMPLETE,pmrB_Y358N=POINT | AN50: 3.11.26 | AO50: 2023-08-08.2 | AP50: COMBINED | AQ50: 2005 | AR50: 130120 | AS50: 5321914 | AT50: 210 | AU50: PAIRED | AV50: 562 | AW50: Contig | AX50: SKESA v. 2.2 | AY50: 562 | AZ50: DALOWF | BA50: environmental/other | BC50: PDS000035066.74 | BD50: 8 | BE50: 11
A51: CFIAFB20070057 | B51: CFIAFB20070057 | C51: CAL-FD-2007-MI-0509 | D51: 2017-CAL-0125 | E51: 2017-CAL-0125 | G51: YES | H51: - | I51: terZ/A/B/C/D/E/W | J51: #N/A | K51: Raw Meat | Beef | Trim | L51: Raw Meat | Beef | Trim | M51: Meat | N51: Other | O51: O157:H7 | P51: O157 (100.0):H7 (100.0) | Q51: eae;hlyAEc;O157;VT2;uidA | R51: vtx2a | S51: Stx2a_1_X07865 | T51: 11 | U51: 2124 | V51: macrolide(mdf(A) (98.54%)); | W51: NO | X51: SAMN13333371 | Y51: GCA_027226705.1 | AA51: PRJNA454819 | AB51: SRS16250987 | AC51: SRR22858844 | AD51: PDT001543181.1 | AE51: 2022-12-22T05:40:03Z | AF51: Canada | AG51: DALOWD000000000.1 | AH51: glpT_E448K=POINT,pmrB_Y358N=POINT | AI51: PDG000000004.5130 | AJ51: Escherichia coli | AK51: eae=COMPLETE,ehxA=COMPLETE,espA=COMPLETE,espB=COMPLETE,espJ=COMPLETE,espK=COMPLETE,espP=COMPLETE,espX1=COMPLETE,etpD=COMPLETE,fdeC=COMPLETE,iha=COMPLETE,katP=COMPLETE,lpfA1=COMPLETE,lpfA2=COMPLETE,nleA=COMPLETE,nleB2=COMPLETE,nleB=COMPLETE,nleC=COMPLETE,stxA2c=COMPLETE,stxB2a=COMPLETE,tccP=PARTIAL_END_OF_CONTIG,tir=COMPLETE,toxB=COMPLETE | AL51: emrE=COMPLETE,terD=COMPLETE,terW=COMPLETE,terZ=COMPLETE | AM51: acrF=MISTRANSLATION,blaEC=COMPLETE,glpT_E448K=POINT,mdtM=COMPLETE,pmrB_Y358N=POINT | AN51: 3.11.26 | AO51: 2023-08-08.2 | AP51: COMBINED | AQ51: 2007 | AR51: 159425 | AS51: 5385439 | AT51: 195 | AU51: PAIRED | AV51: 562 | AW51: Contig | AX51: SKESA v. 2.2 | AY51: 562 | AZ51: DALOWD | BA51: environmental/other | BC51: PDS000004357.37 | BD51: 2 | BE51: 2
A52: CFIAFB20070058 | B52: CFIAFB20070058 | C52: CAL-FD-2007-MI-0510 | D52: 2017-CAL-0126 | E52: 2017-CAL-0126 | G52: YES | H52: - | I52: terZ/A/B/C/D/E/W | J52: #N/A | K52: Raw Meat | Beef | Trim | L52: Raw Meat | Beef | Trim | M52: Meat | N52: Other | O52: O157:H7 | P52: O157 (100.0):H7 (100.0) | Q52: eae;hlyAEc;O157;VT2;uidA | R52: vtx2a | S52: Stx2a_1_X07865 | T52: 11 | U52: 2124 | V52: macrolide(mdf(A) (98.54%)); | W52: NO | X52: SAMN13333372 | Y52: GCA_027227685.1 | AA52: PRJNA454819 | AB52: SRS16250986 | AC52: SRR22858845 | AD52: PDT001543182.1 | AE52: 2022-12-22T05:40:03Z | AF52: Canada | AG52: DALOWY000000000.1 | AH52: glpT_E448K=POINT,pmrB_Y358N=POINT | AI52: PDG000000004.5130 | AJ52: Escherichia coli | AK52: eae=COMPLETE,ehxA=COMPLETE,espA=COMPLETE,espB=COMPLETE,espF=PARTIAL,espJ=COMPLETE,espK=COMPLETE,espP=COMPLETE,espX1=COMPLETE,etpD=COMPLETE,fdeC=COMPLETE,iha=COMPLETE,katP=COMPLETE,lpfA1=COMPLETE,lpfA2=COMPLETE,nleA=COMPLETE,nleB2=COMPLETE,nleB=COMPLETE,nleC=COMPLETE,stxA2c=COMPLETE,stxB2a=COMPLETE,tccP=PARTIAL_END_OF_CONTIG,tir=COMPLETE,toxB=COMPLETE | AL52: emrE=COMPLETE,terD=COMPLETE,terW=COMPLETE,terZ=COMPLETE | AM52: acrF=MISTRANSLATION,blaEC=COMPLETE,glpT_E448K=POINT,mdtM=COMPLETE,pmrB_Y358N=POINT | AN52: 3.11.26 | AO52: 2023-08-08.2 | AP52: COMBINED | AQ52: 2007 | AR52: 110448 | AS52: 5368017 | AT52: 193 | AU52: PAIRED | AV52: 562 | AW52: Contig | AX52: SKESA v. 2.2 | AY52: 562 | AZ52: DALOWY | BA52: environmental/other | BC52: PDS000004357.37 | BD52: 1 | BE52: 1
A53: CFIAFB20070059 | B53: CFIAFB20070059 | C53: CAL-FD-2007-MI-0520 | D53: 2017-CAL-0127 | E53: 2017-CAL-0127 | G53: YES | H53: - | I53: terZ/A/B/C/D/E/W | J53: #N/A | K53: Raw Meat | Beef | Trim | L53: Raw Meat | Beef | Trim | M53: Meat | N53: Other | O53: O157:H7 | P53: O157 (100.0):H7 (100.0) | Q53: eae;hlyAEc;O157;VT1;VT2;uidA | R53: vtx1a;vtx2a | S53: Stx1a_9_AB035142|Stx2a_1_X07865 | T53: 11 | U53: 2124 | V53: macrolide(mdf(A) (98.54%)); | W53: NO | X53: SAMN13333373 | Y53: GCA_027236565.1 | AA53: PRJNA454819 | AB53: SRS16250985 | AC53: SRR22858846 | AD53: PDT001543183.1 | AE53: 2022-12-22T05:40:04Z | AF53: Canada | AG53: DALPIS000000000.1 | AH53: glpT_E448K=POINT,pmrB_Y358N=POINT | AI53: PDG000000004.5130 | AJ53: Escherichia coli | AK53: eae=COMPLETE,ehxA=COMPLETE,espA=COMPLETE,espB=COMPLETE,espJ=COMPLETE,espK=COMPLETE,espP=COMPLETE,espX1=COMPLETE,etpD=COMPLETE,fdeC=COMPLETE,iha=COMPLETE,katP=COMPLETE,lpfA1=COMPLETE,lpfA2=COMPLETE,nleA=COMPLETE,nleB2=COMPLETE,nleB=COMPLETE,nleC=COMPLETE,stxA1a=COMPLETE,stxA2c=COMPLETE,stxB1a=COMPLETE,stxB2a=COMPLETE,tccP=PARTIAL_END_OF_CONTIG,tir=COMPLETE,toxB=COMPLETE | AL53: emrE=COMPLETE,terD=COMPLETE,terW=COMPLETE,terZ=COMPLETE | AM53: acrF=MISTRANSLATION,blaEC=COMPLETE,glpT_E448K=POINT,mdtM=COMPLETE,pmrB_Y358N=POINT | AN53: 3.11.26 | AO53: 2023-08-08.2 | AP53: COMBINED | AQ53: 2007 | AR53: 99553 | AS53: 5380309 | AT53: 213 | AU53: PAIRED | AV53: 562 | AW53: Contig | AX53: SKESA v. 2.2 | AY53: 562 | AZ53: DALPIS | BA53: environmental/other | BC53: PDS000035066.74 | BD53: 25 | BE53: 28
A54: CFIAFB20070060 | B54: CFIAFB20070060 | C54: CAL-FD-2007-MI-0566 | D54: 2017-CAL-0128 | E54: 2017-CAL-0128 | G54: YES | H54: - | I54: terZ/A/B/C/D/E/W | J54: #N/A | K54: Raw Meat | Beef | Trim | L54: Raw Meat | Beef | Trim | M54: Meat | N54: Other | O54: O157:H7 | P54: O157 (100.0):H7 (100.0) | Q54: eae;hlyAEc;O157;VT1;VT2;uidA | R54: vtx1a;vtx2a | S54: Stx1a_9_AB035142|Stx2a_1_DALPAZ010000087.1 | T54: 11 | U54: 2124 | V54: macrolide(mdf(A) (98.54%)); | W54: NO | X54: SAMN13333374 | Y54: GCA_027231185.1 | AA54: PRJNA454819 | AB54: SRS16250984 | AC54: SRR22858847 | AD54: PDT001543184.1 | AE54: 2022-12-22T05:40:04Z | AF54: Canada | AG54: DALPAZ000000000.1 | AH54: glpT_E448K=POINT,pmrB_Y358N=POINT | AI54: PDG000000004.5130 | AJ54: Escherichia coli | AK54: eae=COMPLETE,ehxA=COMPLETE,espA=COMPLETE,espB=COMPLETE,espF=PARTIAL_END_OF_CONTIG,espJ=COMPLETE,espK=COMPLETE,espP=COMPLETE,espX1=COMPLETE,etpD=COMPLETE,fdeC=COMPLETE,iha=COMPLETE,katP=COMPLETE,lpfA1=COMPLETE,lpfA2=COMPLETE,nleA=COMPLETE,nleB2=COMPLETE,nleB=COMPLETE,nleC=COMPLETE,stxA1a=COMPLETE,stxA2c=COMPLETE,stxB1a=COMPLETE,stxB2a=COMPLETE,tccP=PARTIAL_END_OF_CONTIG,tir=COMPLETE | AL54: emrE=COMPLETE,terD=COMPLETE,terW=COMPLETE,terZ=COMPLETE | AM54: acrF=MISTRANSLATION,blaEC=COMPLETE,glpT_E448K=POINT,mdtM=COMPLETE,pmrB_Y358N=POINT | AN54: 3.11.26 | AO54: 2023-08-08.2 | AP54: COMBINED | AQ54: 2007 | AR54: 95524 | AS54: 5388714 | AT54: 224 | AU54: PAIRED | AV54: 562 | AW54: Contig | AX54: SKESA v. 2.2 | AY54: 562 | AZ54: DALPAZ | BA54: environmental/other
A55: CFIAFB20070062 | B55: CFIAFB20070062 | C55: CAL-FD-2007-MI-0694 | D55: 2017-CAL-0226 | E55: 2017-CAL-0226 | G55: YES | H55: - | I55: terZ/A/B/C/D/E/W | J55: #N/A | K55: Raw Meat | Beef | Ground | L55: Raw Meat | Beef | Ground | M55: Meat | N55: Other | O55: O157:H7 | P55: O157 (100.0):H7 (100.0) | Q55: eae;hlyAEc;O157;VT1;VT2;uidA | R55: vtx1a;vtx2c | S55: Stx1a_9_AB035142|Stx2c_17_AB015057 | T55: 11 | U55: 29913 | V55: macrolide(mdf(A) (98.54%)); | W55: NO | X55: SAMN13333376 | Y55: GCA_027231965.1 | AA55: PRJNA454819 | AB55: SRS16250983 | AC55: SRR22858848 | AD55: PDT001543185.1 | AE55: 2022-12-22T05:40:04Z | AF55: Canada | AG55: DALPCL000000000.1 | AH55: glpT_E448K=POINT,pmrB_Y358N=POINT | AI55: PDG000000004.5130 | AJ55: Escherichia coli | AK55: eae=COMPLETE,ehxA=COMPLETE,espA=COMPLETE,espB=COMPLETE,espF=PARTIAL,espJ=COMPLETE,espK=COMPLETE,espP=COMPLETE,espX1=COMPLETE,etpD=COMPLETE,fdeC=COMPLETE,iha=COMPLETE,katP=COMPLETE,lpfA1=COMPLETE,lpfA2=COMPLETE,nleA=COMPLETE,nleB2=COMPLETE,nleB=COMPLETE,nleC=COMPLETE,nleC=MISTRANSLATION,stxA1a=COMPLETE,stxA2c=COMPLETE,stxB1a=COMPLETE,stxB2c=COMPLETE,tccP=PARTIAL_END_OF_CONTIG,tir=COMPLETE,toxB=COMPLETE | AL55: emrE=COMPLETE,terD=COMPLETE,terW=COMPLETE,terZ=COMPLETE | AM55: acrF=MISTRANSLATION,blaEC=COMPLETE,glpT_E448K=POINT,mdtM=COMPLETE,pmrB_Y358N=POINT | AN55: 3.11.26 | AO55: 2023-08-08.2 | AP55: COMBINED | AQ55: 2007 | AR55: 167990 | AS55: 5377633 | AT55: 193 | AU55: PAIRED | AV55: 562 | AW55: Contig | AX55: SKESA v. 2.2 | AY55: 562 | AZ55: DALPCL | BA55: environmental/other | BC55: PDS000026529.30 | BD55: 9 | BE55: 7
A56: CFIAFB20070063 | B56: CFIAFB20070063 | C56: CAL-FD-2007-MI-0694 | D56: 2017-CAL-0227 | E56: 2017-CAL-0227 | G56: YES | H56: - | I56: terZ/A/B/C/D/E/W | J56: #N/A | K56: Raw Meat | Beef | Ground | L56: Raw Meat | Beef | Ground | M56: Meat | N56: Nuts/Seeds | O56: O157:H7 | P56: O157 (100.0):H7 (100.0) | Q56: eae;hlyAEc;O157;VT1;VT2;uidA | R56: vtx1a;vtx2a | S56: Stx1a_9_AB035142|Stx2a_1_X07865 | T56: 11 | U56: new | V56: ND | W56: NO | X56: SAMN13333377 | Y56: GCA_027227665.1 | AA56: PRJNA454819 | AB56: SRS16250982 | AC56: SRR22858849 | AD56: PDT001543186.1 | AE56: 2022-12-22T05:40:04Z | AF56: Canada | AG56: DALOXA000000000.1 | AH56: glpT_E448K=POINT,pmrB_Y358N=POINT | AI56: PDG000000004.5130 | AJ56: Escherichia coli | AK56: eae=COMPLETE,ehxA=COMPLETE,espA=COMPLETE,espB=COMPLETE,espF=PARTIAL,espJ=COMPLETE,espK=COMPLETE,espP=COMPLETE,espX1=COMPLETE,etpD=COMPLETE,fdeC=COMPLETE,iha=COMPLETE,katP=COMPLETE,lpfA1=COMPLETE,lpfA2=COMPLETE,nleA=COMPLETE,nleB2=COMPLETE,nleB=COMPLETE,nleC=COMPLETE,stxA1a=COMPLETE,stxA2c=COMPLETE,stxB1a=COMPLETE,stxB2a=COMPLETE,tccP=PARTIAL_END_OF_CONTIG,tir=COMPLETE,toxB=COMPLETE | AL56: emrE=COMPLETE,terD=COMPLETE,terW=COMPLETE,terZ=COMPLETE | AM56: acrF=MISTRANSLATION,blaEC=COMPLETE,glpT_E448K=POINT,mdtM=COMPLETE,pmrB_Y358N=POINT | AN56: 3.11.26 | AO56: 2023-08-08.2 | AP56: COMBINED | AQ56: 2007 | AR56: 187928 | AS56: 5383381 | AT56: 179 | AU56: PAIRED | AV56: 562 | AW56: Contig | AX56: SKESA v. 2.2 | AY56: 562 | AZ56: DALOXA | BA56: environmental/other | BC56: PDS000071644.38 | BD56: 22 | BE56: 23
A57: CFIAFB20070064 | B57: CFIAFB20070064 | C57: CAL-FD-2007-MI-0720 | D57: 2017-CAL-0229 | E57: 2017-CAL-0229 | G57: YES | H57: - | I57: terZ/A/B/C/D/E/W | J57: #N/A | K57: Raw Meat | Beef | Trim | L57: Raw Meat | Beef | Trim | M57: Meat | N57: Nuts/Seeds | O57: O157:H7 | P57: O157 (100.0):H7 (100.0) | Q57: eae;hlyAEc;O157;VT1;VT2;uidA | R57: vtx1a;vtx2a | S57: Stx1a_9_AB035142|Stx2a_1_X07865 | T57: 11 | U57: 2124 | V57: macrolide(mdf(A) (98.54%)); | W57: NO | X57: SAMN13333378 | Y57: GCA_027230365.1 | AA57: PRJNA454819 | AB57: SRS16250981 | AC57: SRR22858850 | AD57: PDT001543187.1 | AE57: 2022-12-22T05:40:04Z | AF57: Canada | AG57: DALOZO000000000.1 | AH57: glpT_E448K=POINT,pmrB_Y358N=POINT | AI57: PDG000000004.5130 | AJ57: Escherichia coli | AK57: eae=COMPLETE,ehxA=COMPLETE,espA=COMPLETE,espB=COMPLETE,espJ=PARTIAL,espK=COMPLETE,espP=COMPLETE,espX1=COMPLETE,etpD=COMPLETE,fdeC=COMPLETE,iha=COMPLETE,katP=COMPLETE,lpfA1=COMPLETE,lpfA2=COMPLETE,nleA=COMPLETE,nleB2=COMPLETE,nleB=COMPLETE,nleC=COMPLETE,stxA1a=COMPLETE,stxA2c=COMPLETE,stxB1a=COMPLETE,stxB2a=COMPLETE,tccP=PARTIAL_END_OF_CONTIG,tir=COMPLETE,toxB=COMPLETE | AL57: emrE=COMPLETE,terD=COMPLETE,terW=COMPLETE,terZ=COMPLETE | AM57: acrF=MISTRANSLATION,blaEC=COMPLETE,glpT_E448K=POINT,mdtM=COMPLETE,pmrB_Y358N=POINT | AN57: 3.11.26 | AO57: 2023-08-08.2 | AP57: COMBINED | AQ57: 2007 | AR57: 145327 | AS57: 5311272 | AT57: 198 | AU57: PAIRED | AV57: 562 | AW57: Contig | AX57: SKESA v. 2.2 | AY57: 562 | AZ57: DALOZO | BA57: environmental/other | BC57: PDS000035074.4 | BD57: 8 | BE57: 26
A58: OLC0803 | B58: CFIAFB20080069 | C58: STH-FD-2008-MI-0406 | D58: 2016-SEQ-0250 | E58: 2016-SEQ-0250 | G58: YES | H58: - | I58: terZ/A/B/C/D/E/W | J58: #N/A | K58: VEAL TRIM | L58: VEAL TRIM | M58: Meat | N58: Other | O58: O157:H7 | P58: O157 (100.0):H7 (100.0) | Q58: eae;O157;VT1;VT2;uidA | R58: vtx1a;vtx2a | S58: Stx1a_9_AB035142|Stx2a_1_X07865 | T58: 11 | U58: 2124 | V58: aph(3'')-Ib (100.0%) Aminoglycoside;aph(6)-Id (100.0%) Aminoglycoside;floR (98.11%) Phenicol;sul2 (100.0%) sulphonamide;tet(A) (100.0%) Tetracycline | W58: NO | X58: SAMN13333399 | Y58: GCA_027872745.1 | AA58: PRJNA454819 | AB58: SRS12174895 | AC58: SRR18215057 | AD58: PDT001563936.1 | AE58: 2023-01-05T21:49:26Z | AF58: Canada | AG58: DAMHJQ000000000.1 | AH58: aph(3'')-Ib=COMPLETE,aph(6)-Id=COMPLETE,floR=COMPLETE,glpT_E448K=POINT,pmrB_Y358N=POINT,sul2=COMPLETE,tet(A)=COMPLETE | AI58: PDG000000004.5130 | AJ58: Escherichia coli | AK58: eae=COMPLETE,ehxA=COMPLETE,espA=COMPLETE,espB=COMPLETE,espF=PARTIAL,espJ=COMPLETE,espK=COMPLETE,espP=COMPLETE,espX1=COMPLETE,etpD=COMPLETE,fdeC=COMPLETE,iha=COMPLETE,katP=COMPLETE,lpfA1=COMPLETE,lpfA2=COMPLETE,nleA=COMPLETE,nleB2=COMPLETE,nleB=COMPLETE,nleC=COMPLETE,stxA1a=COMPLETE,stxA2c=COMPLETE,stxB1a=COMPLETE,stxB2a=COMPLETE,tccP=PARTIAL_END_OF_CONTIG,tir=COMPLETE,toxB=COMPLETE | AL58: emrE=COMPLETE,merA=COMPLETE,merB=COMPLETE,merD=COMPLETE,merE=COMPLETE,merP=COMPLETE,merR=COMPLETE,merT=COMPLETE,terD=COMPLETE,terW=COMPLETE,terZ=COMPLETE | AM58: acrF=MISTRANSLATION,aph(3'')-Ib=COMPLETE,aph(6)-Id=COMPLETE,blaEC=COMPLETE,floR=COMPLETE,glpT_E448K=POINT,mdtM=COMPLETE,pmrB_Y358N=POINT,sul2=COMPLETE,tet(A)=COMPLETE | AN58: 3.11.26 | AO58: 2023-08-08.2 | AP58: COMBINED | AQ58: 2008 | AR58: 188435 | AS58: 5539873 | AT58: 117 | AU58: PAIRED | AV58: 562 | AW58: Contig | AX58: SKESA v. 2.2 | AY58: 562 | AZ58: DAMHJQ | BA58: environmental/other | BC58: PDS000131321.1 | BD58: 28
A59: OLC0807 | B59: CFIAFB20080070 | C59: BUR-FD-2008-MI-00369 | D59: 2016-SEQ-0251 | E59: 2016-SEQ-0251 | G59: YES | H59: - | I59: terZ/A/B/C/D/E/W | J59: #N/A | K59: BEEF | L59: BEEF | M59: Meat | N59: Nuts/Seeds | O59: O157:H7 | P59: O157 (100.0):H7 (100.0) | Q59: eae;O157;VT2;uidA | R59: vtx2c | S59: Stx2c_17_AB015057 | T59: 11 | U59: 2124 | V59: ND | W59: NO | X59: SAMN13333400 | Y59: GCA_027230405.1 | AA59: PRJNA454819 | AB59: SRS16250980 | AC59: SRR22858851 | AD59: PDT001543188.1 | AE59: 2022-12-22T05:40:04Z | AF59: Canada | AG59: DALOZN000000000.1 | AH59: glpT_E448K=POINT,pmrB_Y358N=POINT | AI59: PDG000000004.5130 | AJ59: Escherichia coli | AK59: eae=COMPLETE,ehxA=COMPLETE,espA=COMPLETE,espB=COMPLETE,espF=PARTIAL,espJ=COMPLETE,espK=COMPLETE,espP=COMPLETE,espX1=COMPLETE,etpD=COMPLETE,fdeC=COMPLETE,iha=COMPLETE,iss=COMPLETE,katP=COMPLETE,lpfA1=COMPLETE,lpfA2=COMPLETE,nleA=COMPLETE,nleB2=COMPLETE,nleB=COMPLETE,nleC=COMPLETE,stxA2c=COMPLETE,stxB2c=COMPLETE,tccP=PARTIAL_END_OF_CONTIG,tir=COMPLETE,toxB=COMPLETE | AL59: emrE=COMPLETE,terD=COMPLETE,terW=COMPLETE,terZ=COMPLETE | AM59: acrF=MISTRANSLATION,blaEC=COMPLETE,glpT_E448K=POINT,mdtM=COMPLETE,pmrB_Y358N=POINT | AN59: 3.11.26 | AO59: 2023-08-08.2 | AP59: COMBINED | AQ59: 2008 | AR59: 188530 | AS59: 5463791 | AT59: 144 | AU59: PAIRED | AV59: 562 | AW59: Contig | AX59: SKESA v. 2.2 | AY59: 562 | AZ59: DALOZN | BA59: environmental/other
A60: CFIAFB20080071 | B60: CFIAFB20080071 | C60: BUR-FD-2008-MI-00706 | D60: 2016-BUR-0140 | E60: 2016-BUR-0140 | G60: YES | H60: - | I60: terZ/A/B/C/D/E/W | J60: #N/A | K60: Raw Meat | Beef | Ground | L60: Raw Meat | Beef | Ground | M60: Meat | N60: Nuts/Seeds | O60: O157:H7 | P60: O157 (100.0):H7 (100.0)ND | Q60: eae;O157;VT1;VT2;uidA | R60: vtx1a;vtx2a | S60: Stx1a_9_AB035142|Stx2a_1_X07865 | T60: 11 | U60: 2124 | V60: ND | W60: NO | X60: SAMN13333401 | Y60: GCA_027231125.1 | AA60: PRJNA454819 | AB60: SRS16250978 | AC60: SRR22858853 | AD60: PDT001543190.1 | AE60: 2022-12-22T05:40:05Z | AF60: Canada | AG60: DALPAX000000000.1 | AH60: glpT_E448K=POINT,pmrB_Y358N=POINT | AI60: PDG000000004.5130 | AJ60: Escherichia coli | AK60: eae=COMPLETE,ehxA=COMPLETE,espA=COMPLETE,espB=COMPLETE,espJ=COMPLETE,espK=COMPLETE,espP=COMPLETE,espX1=COMPLETE,etpD=COMPLETE,fdeC=COMPLETE,iha=COMPLETE,katP=COMPLETE,lpfA1=COMPLETE,lpfA2=COMPLETE,nleA=COMPLETE,nleB2=COMPLETE,nleB=COMPLETE,nleC=COMPLETE,stxA1a=COMPLETE,stxA2c=COMPLETE,stxB1a=COMPLETE,stxB2a=COMPLETE,tccP=PARTIAL_END_OF_CONTIG,tir=COMPLETE,toxB=COMPLETE | AL60: emrE=COMPLETE,terD=COMPLETE,terW=COMPLETE,terZ=COMPLETE | AM60: acrF=MISTRANSLATION,blaEC=COMPLETE,glpT_E448K=POINT,mdtM=COMPLETE,pmrB_Y358N=POINT | AN60: 3.11.26 | AO60: 2023-08-08.2 | AP60: COMBINED | AQ60: 2008 | AR60: 157712 | AS60: 5355064 | AT60: 174 | AU60: PAIRED | AV60: 562 | AW60: Contig | AX60: SKESA v. 2.2 | AY60: 562 | AZ60: DALPAX | BA60: environmental/other | BC60: PDS000083644.150 | BD60: 10 | BE60: 19
A61: CFIAFB20080072 | B61: CFIAFB20080072 | C61: BUR-FD-2008-MI-00773 | D61: 2016-BUR-0141 | E61: 2016-BUR-0141 | G61: YES | H61: - | I61: terZ/A/B/C/D/E/W | J61: #N/A | K61: Raw Meat | Beef | Ground | L61: Raw Meat | Beef | Ground | M61: Meat | N61: Nuts/Seeds | O61: O157:H7 | P61: O157 (100.0):H7 (100.0)ND | Q61: eae;O157;VT1;VT2;uidA | R61: vtx1a;vtx2a | S61: Stx1a_9_AB035142|Stx2a_1_X07865 | T61: 11 | U61: 2124 | V61: ND | W61: NO | X61: SAMN13333402 | Y61: GCA_027234665.1 | AA61: PRJNA454819 | AB61: SRS16250977 | AC61: SRR22858854 | AD61: PDT001543191.1 | AE61: 2022-12-22T05:40:05Z | AF61: Canada | AG61: DALPHO000000000.1 | AH61: glpT_E448K=POINT,pmrB_Y358N=POINT | AI61: PDG000000004.5130 | AJ61: Escherichia coli | AK61: eae=COMPLETE,ehxA=COMPLETE,espA=COMPLETE,espB=COMPLETE,espF=PARTIAL,espJ=PARTIAL,espK=COMPLETE,espP=COMPLETE,espX1=COMPLETE,etpD=COMPLETE,fdeC=COMPLETE,iha=COMPLETE,katP=COMPLETE,lpfA1=COMPLETE,lpfA2=COMPLETE,nleA=COMPLETE,nleB2=COMPLETE,nleB=COMPLETE,nleC=COMPLETE,stxA1a=COMPLETE,stxA2c=COMPLETE,stxB1a=COMPLETE,stxB2a=COMPLETE,tccP=PARTIAL_END_OF_CONTIG,tir=COMPLETE,toxB=COMPLETE | AL61: emrE=COMPLETE,terD=COMPLETE,terW=COMPLETE,terZ=COMPLETE | AM61: acrF=MISTRANSLATION,blaEC=COMPLETE,glpT_E448K=POINT,mdtM=COMPLETE,pmrB_Y358N=POINT | AN61: 3.11.26 | AO61: 2023-08-08.2 | AP61: COMBINED | AQ61: 2008 | AR61: 160454 | AS61: 5388257 | AT61: 152 | AU61: PAIRED | AV61: 562 | AW61: Contig | AX61: SKESA v. 2.2 | AY61: 562 | AZ61: DALPHO | BA61: environmental/other | BC61: PDS000071644.38 | BD61: 0 | BE61: 4
A62: CFIAFB20080073 | B62: CFIAFB20080073 | C62: CAL-FD-2008-MI-1429 | D62: 2017-CAL-0230 | E62: 2017-CAL-0230 | G62: YES | H62: - | I62: terZ/A/B/C/D/E/W | J62: #N/A | K62: Raw Meat | Beef | Trim | 85/15 | L62: Raw Meat | Beef | Trim | 85/15 | M62: Meat | N62: Nuts/Seeds | O62: O157:H7 | P62: O157 (100.0):H7 (100.0) | Q62: eae;hlyAEc;O157;VT1;VT2;uidA | R62: vtx1a;vtx2a | S62: Stx1a_9_AB035142|Stx2a_1_X07865 | T62: 11 | U62: 2124 | V62: macrolide(mdf(A) (98.54%)); | W62: NO | X62: SAMN13333403 | Y62: GCA_027226685.1 | AA62: PRJNA454819 | AB62: SRS16250976 | AC62: SRR22858855 | AD62: PDT001543192.1 | AE62: 2022-12-22T05:40:05Z | AF62: Canada | AG62: DALOWE000000000.1 | AH62: glpT_E448K=POINT,pmrB_Y358N=POINT | AI62: PDG000000004.5130 | AJ62: Escherichia coli | AK62: eae=COMPLETE,ehxA=COMPLETE,espA=COMPLETE,espB=COMPLETE,espF=PARTIAL,espJ=COMPLETE,espK=COMPLETE,espP=COMPLETE,espX1=COMPLETE,etpD=COMPLETE,fdeC=COMPLETE,iha=COMPLETE,katP=COMPLETE,lpfA1=COMPLETE,lpfA2=COMPLETE,nleA=COMPLETE,nleB2=COMPLETE,nleB=COMPLETE,nleC=COMPLETE,stxA1a=COMPLETE,stxA2c=COMPLETE,stxB1a=COMPLETE,stxB2a=COMPLETE,tccP=PARTIAL_END_OF_CONTIG,tir=COMPLETE,toxB=COMPLETE | AL62: emrE=COMPLETE,terD=COMPLETE,terW=COMPLETE,terZ=COMPLETE | AM62: acrF=MISTRANSLATION,blaEC=COMPLETE,glpT_E448K=POINT,mdtM=COMPLETE,pmrB_Y358N=POINT | AN62: 3.11.26 | AO62: 2023-08-08.2 | AP62: COMBINED | AQ62: 2008 | AR62: 176865 | AS62: 5365144 | AT62: 174 | AU62: PAIRED | AV62: 562 | AW62: Contig | AX62: SKESA v. 2.2 | AY62: 562 | AZ62: DALOWE | BA62: environmental/other | BC62: PDS000076422.58 | BD62: 1 | BE62: 21
A63: CFIAFB20080074 | B63: CFIAFB20080074 | C63: CAL-FD-2008-MI-1430 | D63: 2017-CAL-0231 | E63: 2017-CAL-0231 | G63: YES | H63: - | I63: terZ/A/B/C/D/E/W | J63: #N/A | K63: RTE Meat | BEEF SHORT RIBS | L63: RTE Meat | BEEF SHORT RIBS | M63: Meat | N63: Nuts/Seeds | O63: O157:H7 | P63: O157 (100.0):H7 (100.0) | Q63: eae;hlyAEc;O157;VT1;VT2;uidA | R63: vtx1a;vtx2a | S63: Stx1a_9_AB035142|Stx2a_1_X07865 | T63: 11 | U63: 2124 | V63: macrolide(mdf(A) (98.54%)); | W63: NO | X63: SAMN13333404 | Y63: GCA_027230385.1 | AA63: PRJNA454819 | AB63: SRS16250975 | AC63: SRR22858856 | AD63: PDT001543193.1 | AE63: 2022-12-22T05:40:05Z | AF63: Canada | AG63: DALOZM000000000.1 | AH63: glpT_E448K=POINT,pmrB_Y358N=POINT | AI63: PDG000000004.5130 | AJ63: Escherichia coli | AK63: eae=COMPLETE,ehxA=COMPLETE,espA=COMPLETE,espB=COMPLETE,espF=PARTIAL_END_OF_CONTIG,espJ=COMPLETE,espK=COMPLETE,espP=COMPLETE,espX1=COMPLETE,etpD=COMPLETE,fdeC=COMPLETE,iha=COMPLETE,katP=COMPLETE,lpfA1=COMPLETE,lpfA2=COMPLETE,nleA=COMPLETE,nleB2=COMPLETE,nleB=COMPLETE,nleC=COMPLETE,stxA1a=COMPLETE,stxA2c=COMPLETE,stxB1a=COMPLETE,stxB2a=COMPLETE,tccP=PARTIAL_END_OF_CONTIG,tir=COMPLETE,toxB=COMPLETE | AL63: emrE=COMPLETE,terD=COMPLETE,terW=COMPLETE,terZ=COMPLETE | AM63: acrF=MISTRANSLATION,blaEC=COMPLETE,glpT_E448K=POINT,mdtM=COMPLETE,pmrB_Y358N=POINT | AN63: 3.11.26 | AO63: 2023-08-08.2 | AP63: COMBINED | AQ63: 2008 | AR63: 149646 | AS63: 5359097 | AT63: 186 | AU63: PAIRED | AV63: 562 | AW63: Contig | AX63: SKESA v. 2.2 | AY63: 562 | AZ63: DALOZM | BA63: environmental/other | BC63: PDS000076422.58 | BD63: 1 | BE63: 20
A64: OLF09002-1 | B64: CFIAFB20090190 | C64: OLF-PFGE-2008-003-773-6 | D64: 2014-SEQ-1302 | E64: 2014-SEQ-1302 | G64: YES | H64: - | I64: terZ/A/B/C/D/E/W | J64: #N/A | K64: MEAT | L64: MEAT | M64: Meat | N64: Other | O64: O157:H7 | P64: O157 (100.0):H7 (100.0)ND | Q64: eae;O157;VT1;VT2;uidA | R64: vtx1a;vtx2a | S64: Stx1a_9_AB035142|Stx2a_1_X07865 | T64: 11 | U64: 2124 | V64: ND | W64: NO | X64: SAMN13333594 | Y64: GCA_027227705.1 | AA64: PRJNA454819 | AB64: SRS16250974 | AC64: SRR22858857 | AD64: PDT001543194.1 | AE64: 2022-12-22T05:40:06Z | AF64: Canada | AG64: DALOWU000000000.1 | AH64: glpT_E448K=POINT,pmrB_Y358N=POINT | AI64: PDG000000004.5130 | AJ64: Escherichia coli | AK64: eae=COMPLETE,ehxA=COMPLETE,espA=COMPLETE,espB=COMPLETE,espJ=PARTIAL,espK=COMPLETE,espP=COMPLETE,espX1=COMPLETE,etpD=COMPLETE,fdeC=COMPLETE,iha=COMPLETE,katP=COMPLETE,lpfA1=COMPLETE,lpfA2=COMPLETE,nleA=COMPLETE,nleB2=COMPLETE,nleB=COMPLETE,nleC=COMPLETE,stxA1a=COMPLETE,stxA2c=COMPLETE,stxB1a=COMPLETE,stxB2a=COMPLETE,tccP=PARTIAL_END_OF_CONTIG,tir=COMPLETE,toxB=COMPLETE | AL64: emrE=COMPLETE,terD=COMPLETE,terW=COMPLETE,terZ=COMPLETE | AM64: acrF=MISTRANSLATION,blaEC=COMPLETE,glpT_E448K=POINT,mdtM=COMPLETE,pmrB_Y358N=POINT | AN64: 3.11.26 | AO64: 2023-08-08.2 | AP64: COMBINED | AQ64: 2009 | AR64: 160454 | AS64: 5401745 | AT64: 144 | AU64: PAIRED | AV64: 562 | AW64: Contig | AX64: SKESA v. 2.2 | AY64: 562 | AZ64: DALOWU | BA64: environmental/other | BC64: PDS000071644.38 | BD64: 0 | BE64: 4
A65: OLF09002-2 | B65: CFIAFB20090191 | C65: OLF-PFGE-2008-003-773-14 | D65: 2014-SEQ-1303 | E65: 2014-SEQ-1303 | G65: YES | H65: - | I65: terZ/A/B/C/D/E/W | J65: #N/A | K65: MEAT | L65: MEAT | M65: Meat | N65: Other | O65: O157:H7 | P65: O157 (100.0):H7 (100.0)ND | Q65: eae;O157;VT1;VT2;uidA | R65: vtx1a;vtx2a | S65: Stx1a_9_AB035142|Stx2a_1_X07865 | T65: 11 | U65: 2124 | V65: ND | W65: NO | X65: SAMN13333595 | Y65: GCA_027234645.1 | AA65: PRJNA454819 | AB65: SRS16250973 | AC65: SRR22858858 | AD65: PDT001543195.1 | AE65: 2022-12-22T05:40:06Z | AF65: Canada | AG65: DALPHN000000000.1 | AH65: glpT_E448K=POINT,pmrB_Y358N=POINT | AI65: PDG000000004.5130 | AJ65: Escherichia coli | AK65: eae=COMPLETE,ehxA=COMPLETE,espA=COMPLETE,espB=COMPLETE,espJ=PARTIAL,espK=COMPLETE,espP=COMPLETE,espX1=COMPLETE,etpD=COMPLETE,fdeC=COMPLETE,iha=COMPLETE,katP=COMPLETE,lpfA1=COMPLETE,lpfA2=COMPLETE,nleA=COMPLETE,nleB2=COMPLETE,nleB=COMPLETE,nleC=COMPLETE,stxA1a=COMPLETE,stxA2c=COMPLETE,stxB1a=COMPLETE,stxB2a=COMPLETE,tccP=PARTIAL_END_OF_CONTIG,tir=COMPLETE,toxB=COMPLETE | AL65: emrE=COMPLETE,terD=COMPLETE,terW=COMPLETE,terZ=COMPLETE | AM65: acrF=MISTRANSLATION,blaEC=COMPLETE,glpT_E448K=POINT,mdtM=COMPLETE,pmrB_Y358N=POINT | AN65: 3.11.26 | AO65: 2023-08-08.2 | AP65: COMBINED | AQ65: 2009 | AR65: 155737 | AS65: 5375609 | AT65: 144 | AU65: PAIRED | AV65: 562 | AW65: Contig | AX65: SKESA v. 2.2 | AY65: 562 | AZ65: DALPHN | BA65: environmental/other | BC65: PDS000071644.38 | BD65: 2 | BE65: 6
A66: OLF09008 | B66: CFIAFB20090193 | C66: MIS-FI-2008-MI-02144 | D66: 2014-SEQ-1304 | E66: 2014-SEQ-1304 | G66: YES | H66: - | I66: terZ/A/B/C/D/E/W | J66: #N/A | K66: RTE MEAT | L66: RTE MEAT | M66: Meat | N66: Other | O66: O157:H7 | P66: O157 (100.0):H7 (100.0)ND | Q66: eae;O157;VT1;VT2;uidA | R66: vtx1a;vtx2a | S66: Stx1a_9_AB035142|Stx2a_1_X07865 | T66: 11 | U66: new | V66: aadA1 (99.75%) Aminoglycoside;aadA1 (99.75%) Aminoglycoside;sul1 (100.0%) sulphonamide;tet(A) (100.0%) Tetracycline | W66: NO | X66: SAMN13333596 | Y66: GCA_027230285.1 | AA66: PRJNA454819 | AB66: SRS16250972 | AC66: SRR22858859 | AD66: PDT001543196.1 | AE66: 2022-12-22T05:40:06Z | AF66: Canada | AG66: DALOZJ000000000.1 | AH66: aadA1=COMPLETE,glpT_E448K=POINT,pmrB_Y358N=POINT,sul1=COMPLETE,tet(A)=COMPLETE | AI66: PDG000000004.5130 | AJ66: Escherichia coli | AK66: eae=COMPLETE,ehxA=COMPLETE,espA=COMPLETE,espB=COMPLETE,espJ=COMPLETE,espK=COMPLETE,espP=COMPLETE,espX1=COMPLETE,etpD=COMPLETE,fdeC=COMPLETE,iha=COMPLETE,katP=COMPLETE,lpfA1=COMPLETE,lpfA2=COMPLETE,nleA=COMPLETE,nleB2=COMPLETE,nleB=COMPLETE,nleC=PARTIAL_END_OF_CONTIG,stxA1a=COMPLETE,stxA2c=COMPLETE,stxB1a=COMPLETE,stxB2a=COMPLETE,tccP=PARTIAL_END_OF_CONTIG,tir=COMPLETE,toxB=COMPLETE | AL66: emrE=COMPLETE,merA=HMM,merC=COMPLETE,merD=HMM,merE=HMM,merP=COMPLETE,merR=COMPLETE,merT=COMPLETE,qacEdelta1=COMPLETE,terD=COMPLETE,terW=COMPLETE,terZ=COMPLETE | AM66: aadA1=COMPLETE,acrF=MISTRANSLATION,blaEC=COMPLETE,glpT_E448K=POINT,mdtM=COMPLETE,pmrB_Y358N=POINT,sul1=COMPLETE,tet(A)=COMPLETE | AN66: 3.11.26 | AO66: 2023-08-08.2 | AP66: COMBINED | AQ66: 2009 | AR66: 145327 | AS66: 5506744 | AT66: 180 | AU66: PAIRED | AV66: 562 | AW66: Contig | AX66: SKESA v. 2.2 | AY66: 562 | AZ66: DALOZJ | BA66: environmental/other | BC66: PDS000145017.6 | BD66: 42 | BE66: 24
A67: OLF09014 | B67: CFIAFB20090196 | C67: 2181-5 MHC-1 | D67: 2014-SEQ-1305 | E67: 2014-SEQ-1305 | G67: YES | H67: - | I67: terZ/A/B/C/D/E/W | J67: #N/A | K67: GROUND BEEF | L67: GROUND BEEF | M67: Meat | N67: Other | O67: O157:H7 | P67: O157 (100.0):H7 (100.0)ND | Q67: eae;O157;VT2;uidA | R67: vtx2a | S67: Stx2a_1_X07865 | T67: 11 | U67: 2130 | V67: ND | W67: NO | X67: SAMN13333599 | Y67: GCA_027231105.1 | AA67: PRJNA454819 | AB67: SRS16250971 | AC67: SRR22858860 | AD67: PDT001543197.1 | AE67: 2022-12-22T05:40:06Z | AF67: Canada | AG67: DALPAW000000000.1 | AH67: glpT_E448K=POINT,pmrB_Y358N=POINT | AI67: PDG000000004.5130 | AJ67: Escherichia coli | AK67: eae=COMPLETE,ehxA=COMPLETE,espA=COMPLETE,espB=COMPLETE,espJ=COMPLETE,espK=COMPLETE,espP=COMPLETE,espX1=COMPLETE,etpD=COMPLETE,fdeC=COMPLETE,iha=COMPLETE,katP=COMPLETE,lpfA1=COMPLETE,lpfA2=COMPLETE,nleA=COMPLETE,nleB2=COMPLETE,nleB=COMPLETE,nleC=COMPLETE,stxA2c=COMPLETE,stxB2a=COMPLETE,tccP=PARTIAL_END_OF_CONTIG,tir=COMPLETE,toxB=COMPLETE | AL67: emrE=COMPLETE,terD=COMPLETE,terW=COMPLETE,terZ=COMPLETE | AM67: acrF=MISTRANSLATION,blaEC=COMPLETE,glpT_E448K=POINT,mdtM=COMPLETE,pmrB_Y358N=POINT | AN67: 3.11.26 | AO67: 2023-08-08.2 | AP67: COMBINED | AQ67: 2009 | AR67: 185727 | AS67: 5369989 | AT67: 165 | AU67: PAIRED | AV67: 562 | AW67: Contig | AX67: SKESA v. 2.2 | AY67: 562 | AZ67: DALPAW | BA67: environmental/other | BC67: PDS000026464.4 | BE67: 21
A68: OLF09021-1 | B68: CFIAFB20090198 | C68: CAL-FD-2008-MI-1776 | D68: 2014-SEQ-1306 | E68: 2014-SEQ-1306 | G68: YES | H68: - | I68: terZ/A/B/C/D/E/W | J68: #N/A | K68: Beef | L68: Beef | M68: Meat | N68: Other | O68: O157:H7 | P68: O157 (100.0):H7 (100.0)ND | Q68: eae;O157;VT1;VT2;uidA | R68: vtx1a;vtx2a | S68: Stx1a_9_AB035142|Stx2a_1_X07865 | T68: 11 | U68: 2124 | V68: ND | W68: NO | X68: SAMN13333600 | Y68: GCA_027230345.1 | AA68: PRJNA454819 | AB68: SRS16250970 | AC68: SRR22858861 | AD68: PDT001543198.1 | AE68: 2022-12-22T05:40:06Z | AF68: Canada | AG68: DALOZL000000000.1 | AH68: glpT_E448K=POINT,pmrB_Y358N=POINT | AI68: PDG000000004.5130 | AJ68: Escherichia coli | AK68: eae=COMPLETE,ehxA=COMPLETE,espA=COMPLETE,espB=COMPLETE,espJ=COMPLETE,espK=COMPLETE,espP=COMPLETE,espX1=COMPLETE,etpD=COMPLETE,fdeC=COMPLETE,iha=COMPLETE,katP=COMPLETE,lpfA1=COMPLETE,lpfA2=COMPLETE,nleA=COMPLETE,nleB2=COMPLETE,nleB=COMPLETE,nleC=COMPLETE,stxA1a=COMPLETE,stxA2c=COMPLETE,stxB1a=COMPLETE,stxB2a=COMPLETE,tccP=PARTIAL_END_OF_CONTIG,tir=COMPLETE,toxB=COMPLETE | AL68: emrE=COMPLETE,terD=COMPLETE,terW=COMPLETE,terZ=COMPLETE | AM68: acrF=MISTRANSLATION,blaEC=COMPLETE,glpT_E448K=POINT,mdtM=COMPLETE,pmrB_Y358N=POINT | AN68: 3.11.26 | AO68: 2023-08-08.2 | AP68: COMBINED | AQ68: 2009 | AR68: 150861 | AS68: 5378914 | AT68: 167 | AU68: PAIRED | AV68: 562 | AW68: Contig | AX68: SKESA v. 2.2 | AY68: 562 | AZ68: DALOZL | BA68: environmental/other | BC68: PDS000071644.38 | BD68: 2 | BE68: 14
A69: OLF09021-2 | B69: CFIAFB20090199 | C69: CAL-FD-2008-MI-1776 | D69: 2014-SEQ-1307 | E69: 2014-SEQ-1307 | G69: YES | H69: - | I69: terZ/A/B/C/D/E/W | J69: #N/A | K69: Beef | L69: Beef | M69: Meat | N69: Other | O69: O157:H7 | P69: O157 (100.0):H7 (100.0)ND | Q69: eae;O157;VT1;VT2;uidA | R69: vtx1a;vtx2a | S69: Stx1a_9_AB035142|Stx2a_1_X07865 | T69: 11 | U69: 2124 | V69: ND | W69: NO | X69: SAMN13333601 | Y69: GCA_027231135.1 | AA69: PRJNA454819 | AB69: SRS16250969 | AC69: SRR22858862 | AD69: PDT001543199.1 | AE69: 2022-12-22T05:40:07Z | AF69: Canada | AG69: DALPAV000000000.1 | AH69: glpT_E448K=POINT,pmrB_Y358N=POINT | AI69: PDG000000004.5130 | AJ69: Escherichia coli | AK69: eae=COMPLETE,ehxA=COMPLETE,espA=COMPLETE,espB=COMPLETE,espF=PARTIAL,espJ=COMPLETE,espK=COMPLETE,espP=COMPLETE,espX1=COMPLETE,etpD=COMPLETE,fdeC=COMPLETE,iha=COMPLETE,katP=COMPLETE,lpfA1=COMPLETE,lpfA2=COMPLETE,nleA=COMPLETE,nleB2=COMPLETE,nleB=COMPLETE,nleC=COMPLETE,stxA1a=COMPLETE,stxA2c=COMPLETE,stxB1a=COMPLETE,stxB2a=COMPLETE,tccP=PARTIAL_END_OF_CONTIG,tir=COMPLETE,toxB=COMPLETE | AL69: emrE=COMPLETE,terD=COMPLETE,terW=COMPLETE,terZ=COMPLETE | AM69: acrF=MISTRANSLATION,blaEC=COMPLETE,glpT_E448K=POINT,mdtM=COMPLETE,pmrB_Y358N=POINT | AN69: 3.11.26 | AO69: 2023-08-08.2 | AP69: COMBINED | AQ69: 2009 | AR69: 124148 | AS69: 5391397 | AT69: 158 | AU69: PAIRED | AV69: 562 | AW69: Contig | AX69: SKESA v. 2.2 | AY69: 562 | AZ69: DALPAV | BA69: environmental/other | BC69: PDS000071644.38 | BD69: 2 | BE69: 14
A70: OLF09025 | B70: CFIAFB20090201 | C70: CAL-FD-2009-MI-0006 | D70: 2014-SEQ-1308 | E70: 2014-SEQ-1308 | G70: YES | H70: - | I70: terZ/A/B/C/D/E/W | J70: #N/A | K70: CORED BEEF TRIM | L70: CORED BEEF TRIM | M70: Meat | N70: Other | O70: O157:H7 | P70: O157 (100.0):H7 (100.0)ND | Q70: eae;O157;VT1;VT2;uidA | R70: vtx1a;vtx2a | S70: Stx1a_9_AB035142|Stx2a_1_X07865 | T70: 11 | U70: 2124 | V70: ND | W70: NO | X70: SAMN13333602 | Y70: GCA_027226655.1 | AA70: PRJNA454819 | AB70: SRS16250967 | AC70: SRR22858864 | AD70: PDT001543201.1 | AE70: 2022-12-22T05:40:07Z | AF70: Canada | AG70: DALOWC000000000.1 | AH70: glpT_E448K=POINT,pmrB_Y358N=POINT | AI70: PDG000000004.5130 | AJ70: Escherichia coli | AK70: eae=COMPLETE,ehxA=COMPLETE,espA=COMPLETE,espB=COMPLETE,espJ=COMPLETE,espK=COMPLETE,espP=COMPLETE,espX1=COMPLETE,etpD=COMPLETE,fdeC=COMPLETE,iha=COMPLETE,katP=COMPLETE,lpfA1=COMPLETE,lpfA2=COMPLETE,nleA=COMPLETE,nleB2=COMPLETE,nleB=COMPLETE,nleC=COMPLETE,stxA1a=COMPLETE,stxA2c=COMPLETE,stxB1a=COMPLETE,stxB1a=PARTIAL_END_OF_CONTIG,stxB2a=COMPLETE,tccP=PARTIAL_END_OF_CONTIG,tir=COMPLETE,toxB=PARTIAL_END_OF_CONTIG | AL70: emrE=COMPLETE,terD=COMPLETE,terW=COMPLETE,terZ=COMPLETE | AM70: acrF=MISTRANSLATION,blaEC=COMPLETE,glpT_E448K=POINT,mdtM=COMPLETE,pmrB_Y358N=POINT | AN70: 3.11.26 | AO70: 2023-08-08.2 | AP70: COMBINED | AQ70: 2009 | AR70: 101552 | AS70: 5367350 | AT70: 203 | AU70: PAIRED | AV70: 562 | AW70: Contig | AX70: SKESA v. 2.2 | AY70: 562 | AZ70: DALOWC | BA70: environmental/other | BC70: PDS000071644.38 | BD70: 2 | BE70: 14
A71: OLF09086-1 | B71: CFIAFB20090227 | C71: STH-FD-2009-MI-1158 | D71: 2014-SEQ-1309 | E71: 2014-SEQ-1309 | G71: YES | H71: - | I71: terZ/A/B/C/D/E/W | J71: #N/A | K71: FOOD-MEAT | L71: FOOD-MEAT | M71: Meat | N71: Other | O71: O157:H7 | P71: O157 (100.0):H7 (100.0)ND | Q71: eae;O157;VT2;uidA | R71: vtx2a | S71: Stx2a_1_X07865 | T71: 11 | U71: 2124 | V71: ND | W71: NO | X71: SAMN13333615 | Y71: GCA_027227725.1 | AA71: PRJNA454819 | AB71: SRS16250966 | AC71: SRR22858865 | AD71: PDT001543202.1 | AE71: 2022-12-22T05:40:07Z | AF71: Canada | AG71: DALOWV000000000.1 | AH71: glpT_E448K=POINT,pmrB_Y358N=POINT | AI71: PDG000000004.5130 | AJ71: Escherichia coli | AK71: eae=COMPLETE,ehxA=COMPLETE,espA=COMPLETE,espB=COMPLETE,espF=PARTIAL,espJ=PARTIAL,espK=COMPLETE,espP=COMPLETE,espX1=COMPLETE,etpD=COMPLETE,fdeC=COMPLETE,iha=COMPLETE,katP=COMPLETE,lpfA1=COMPLETE,lpfA2=COMPLETE,nleA=COMPLETE,nleB2=COMPLETE,nleB=COMPLETE,nleC=COMPLETE,stxA2c=COMPLETE,stxB2a=COMPLETE,tccP=PARTIAL_END_OF_CONTIG,tir=COMPLETE,toxB=COMPLETE | AL71: emrE=COMPLETE,terD=COMPLETE,terW=COMPLETE,terZ=COMPLETE | AM71: acrF=MISTRANSLATION,blaEC=COMPLETE,glpT_E448K=POINT,mdtM=COMPLETE,pmrB_Y358N=POINT | AN71: 3.11.26 | AO71: 2023-08-08.2 | AP71: COMBINED | AQ71: 2009 | AR71: 124149 | AS71: 5310525 | AT71: 136 | AU71: PAIRED | AV71: 562 | AW71: Contig | AX71: SKESA v. 2.2 | AY71: 562 | AZ71: DALOWV | BA71: environmental/other | BC71: PDS000035421.5 | BD71: 54 | BE71: 36
A72: OLF09114-1 | B72: CFIAFB20090264 | C72: GTA-FD-2009-MI-01280 | D72: 2019-MER-0212 | E72: 2019-MER-0212 | G72: YES | H72: - | I72: terZ/A/B/C/D/E/W | J72: #N/A | K72: Raw beef trim | L72: Raw Meat | Beef | Trim | M72: Meat | N72: Other | O72: O157:H7 | P72: O157 (100.0):H7 (100.0) | Q72: eae;hlyAEc;O157;VT1;VT2;uidA | R72: vtx1a;vtx2a | S72: Stx1a_9_AB035142|Stx2a_1_X07865 | T72: 11 | U72: 2124 | V72: macrolide(mdf(A) (98.54%));phenicol(catA1 (99.85%)); | W72: NO | X72: SAMN13333645 | Y72: GCA_027232925.1 | AA72: PRJNA454819 | AB72: SRS16250965 | AC72: SRR22858866 | AD72: PDT001543203.1 | AE72: 2022-12-22T05:40:07Z | AF72: Canada | AG72: DALPEH000000000.1 | AH72: catA1=COMPLETE,glpT_E448K=POINT,pmrB_Y358N=POINT | AI72: PDG000000004.5130 | AJ72: Escherichia coli | AK72: eae=COMPLETE,ehxA=COMPLETE,espA=COMPLETE,espB=COMPLETE,espJ=COMPLETE,espK=COMPLETE,espP=COMPLETE,espX1=COMPLETE,etpD=COMPLETE,fdeC=COMPLETE,iha=COMPLETE,katP=COMPLETE,lpfA1=COMPLETE,lpfA2=COMPLETE,nleA=COMPLETE,nleB2=COMPLETE,nleB=COMPLETE,nleC=COMPLETE,stxA1a=COMPLETE,stxA2c=COMPLETE,stxB1a=COMPLETE,stxB2a=COMPLETE,tccP=PARTIAL_END_OF_CONTIG,tir=COMPLETE,toxB=COMPLETE | AL72: emrE=COMPLETE,terD=COMPLETE,terW=COMPLETE,terZ=COMPLETE | AM72: acrF=MISTRANSLATION,blaEC=COMPLETE,catA1=COMPLETE,glpT_E448K=POINT,mdtM=COMPLETE,pmrB_Y358N=POINT | AN72: 3.11.26 | AO72: 2023-08-08.2 | AP72: COMBINED | AQ72: 2009 | AR72: 184055 | AS72: 5382021 | AT72: 180 | AU72: PAIRED | AV72: 562 | AW72: Contig | AX72: SKESA v. 2.2 | AY72: 562 | AZ72: DALPEH | BA72: environmental/other
A73: OLF10029 | B73: CFIAFB20100182 | C73: GTA-FD-2009-MI-04170 | D73: 2014-SEQ-1312 | E73: 2014-SEQ-1312 | G73: YES | H73: - | I73: terZ/A/B/C/D/E/W | J73: #N/A | K73: BEEF: raw, trim | L73: BEEF: raw, trim | M73: Meat | N73: Other | O73: O157:H7 | P73: O157 (100.0):H7 (100.0)ND | Q73: eae;O157;VT1;VT2;uidA | R73: vtx1a;vtx2a | S73: Stx1a_9_AB035142|Stx2a_1_X07865 | T73: 11 | U73: new | V73: aph(3'')-Ib (100.0%) Colistin;aph(6)-Id (100.0%) Colistin;floR (98.11%) Phenicol;sul2 (100.0%) sulphonamide;tet(A) (100.0%) Tetracycline | W73: NO | X73: SAMN13333830 | Y73: GCA_027230325.1 | AA73: PRJNA454819 | AB73: SRS16250964 | AC73: SRR22858867 | AD73: PDT001543204.1 | AE73: 2022-12-22T05:40:08Z | AF73: Canada | AG73: DALOZK000000000.1 | AH73: aph(3'')-Ib=COMPLETE,aph(3'')-Ib=PARTIAL_END_OF_CONTIG,aph(6)-Id=COMPLETE,floR=COMPLETE,glpT_E448K=POINT,pmrB_Y358N=POINT,sul2=COMPLETE,sul2=PARTIAL_END_OF_CONTIG,tet(A)=COMPLETE | AI73: PDG000000004.5130 | AJ73: Escherichia coli | AK73: eae=COMPLETE,ehxA=COMPLETE,espA=COMPLETE,espB=COMPLETE,espJ=COMPLETE,espK=COMPLETE,espP=COMPLETE,espX1=COMPLETE,etpD=COMPLETE,fdeC=COMPLETE,iha=COMPLETE,katP=COMPLETE,lpfA1=COMPLETE,lpfA2=COMPLETE,nleA=COMPLETE,nleB2=COMPLETE,nleB=COMPLETE,nleC=COMPLETE,stxA1a=COMPLETE,stxA2c=COMPLETE,stxB1a=COMPLETE,stxB2a=COMPLETE,tccP=PARTIAL_END_OF_CONTIG,tir=COMPLETE,toxB=COMPLETE | AL73: emrE=COMPLETE,merA=COMPLETE,merB=COMPLETE,merD=COMPLETE,merE=COMPLETE,merP=COMPLETE,merR=COMPLETE,merT=COMPLETE,terD=COMPLETE,terW=COMPLETE,terZ=COMPLETE | AM73: acrF=MISTRANSLATION,aph(3'')-Ib=COMPLETE,aph(3'')-Ib=PARTIAL_END_OF_CONTIG,aph(6)-Id=COMPLETE,blaEC=COMPLETE,floR=COMPLETE,glpT_E448K=POINT,mdtM=COMPLETE,pmrB_Y358N=POINT,sul2=COMPLETE,sul2=PARTIAL_END_OF_CONTIG,tet(A)=COMPLETE | AN73: 3.11.26 | AO73: 2023-08-08.2 | AP73: COMBINED | AQ73: 2010 | AR73: 149646 | AS73: 5526533 | AT73: 174 | AU73: PAIRED | AV73: 562 | AW73: Contig | AX73: SKESA v. 2.2 | AY73: 562 | AZ73: DALOZK | BA73: environmental/other | BC73: PDS000131321.1 | BD73: 28
A74: OLF10049-1 | B74: CFIAFB20100189 | C74: GTA-FD-2010-MI-00160 | D74: 2017-MER-0306 | E74: 2017-MER-0306 | G74: YES | H74: - | I74: terZ/A/B/C/D/E/W | J74: #N/A | K74: BEEF TRIM | L74: BEEF TRIM | M74: Meat | N74: Other | O74: O157:H7 | P74: O157 (100.0):H7 (100.0) | Q74: eae;O157;VT1;VT2;uidA | R74: vtx1a;vtx2a | S74: Stx1a_9_AB035142|Stx2a_1_X07865 | T74: 11 | U74: 2124 | V74: ND | W74: NO | X74: SAMN13333833 | Y74: GCA_027230265.1 | AA74: PRJNA454819 | AB74: SRS16250963 | AC74: SRR22858868 | AD74: PDT001543205.1 | AE74: 2022-12-22T05:40:08Z | AF74: Canada | AG74: DALOZI000000000.1 | AH74: glpT_E448K=POINT,pmrB_Y358N=POINT | AI74: PDG000000004.5130 | AJ74: Escherichia coli | AK74: eae=COMPLETE,ehxA=COMPLETE,espA=COMPLETE,espB=COMPLETE,espF=PARTIAL_END_OF_CONTIG,espJ=COMPLETE,espK=COMPLETE,espP=COMPLETE,espX1=COMPLETE,etpD=COMPLETE,fdeC=COMPLETE,iha=COMPLETE,katP=COMPLETE,lpfA1=COMPLETE,lpfA2=COMPLETE,nleA=COMPLETE,nleB2=COMPLETE,nleB=COMPLETE,nleC=COMPLETE,stxA1a=COMPLETE,stxA2c=COMPLETE,stxB1a=COMPLETE,stxB2a=COMPLETE,tccP=PARTIAL_END_OF_CONTIG,tir=COMPLETE,toxB=COMPLETE | AL74: emrE=COMPLETE,terD=COMPLETE,terW=COMPLETE,terZ=COMPLETE | AM74: acrF=MISTRANSLATION,blaEC=COMPLETE,glpT_E448K=POINT,mdtM=COMPLETE,pmrB_Y358N=POINT | AN74: 3.11.26 | AO74: 2023-08-08.2 | AP74: COMBINED | AQ74: 2010 | AR74: 160336 | AS74: 5362644 | AT74: 164 | AU74: PAIRED | AV74: 562 | AW74: Contig | AX74: SKESA v. 2.2 | AY74: 562 | AZ74: DALOZI | BA74: environmental/other | BC74: PDS000129729.1 | BD74: 1
A75: OLF10049-2 | B75: CFIAFB20100190 | C75: GTA-FD-2010-MI-00160 | D75: 2014-SEQ-1314 | E75: 2014-SEQ-1314 | G75: YES | H75: - | I75: terZ/A/B/C/D/E/W | J75: #N/A | K75: BEEF TRIM | L75: BEEF TRIM | M75: Meat | N75: Other | O75: O157:H7 | P75: O157 (100.0):H7 (100.0)ND | Q75: eae;O157;VT1;VT2;uidA | R75: vtx1a;vtx2a | S75: Stx1a_9_AB035142|Stx2a_1_X07865 | T75: 11 | U75: 2124 | V75: ND | W75: NO | X75: SAMN13333834 | Y75: GCA_027234745.1 | AA75: PRJNA454819 | AB75: SRS16250962 | AC75: SRR22858869 | AD75: PDT001543206.1 | AE75: 2022-12-22T05:40:08Z | AF75: Canada | AG75: DALPHM000000000.1 | AH75: glpT_E448K=POINT,pmrB_Y358N=POINT | AI75: PDG000000004.5130 | AJ75: Escherichia coli | AK75: eae=COMPLETE,ehxA=COMPLETE,espA=COMPLETE,espB=COMPLETE,espJ=COMPLETE,espK=COMPLETE,espP=COMPLETE,espX1=COMPLETE,etpD=COMPLETE,fdeC=COMPLETE,iha=COMPLETE,katP=COMPLETE,lpfA1=COMPLETE,lpfA2=COMPLETE,nleA=COMPLETE,nleB2=COMPLETE,nleB=COMPLETE,nleC=COMPLETE,stxA1a=COMPLETE,stxA2c=COMPLETE,stxB1a=COMPLETE,stxB2a=COMPLETE,tccP=PARTIAL_END_OF_CONTIG,tir=COMPLETE,toxB=COMPLETE | AL75: emrE=COMPLETE,terD=COMPLETE,terW=COMPLETE,terZ=COMPLETE | AM75: acrF=MISTRANSLATION,blaEC=COMPLETE,glpT_E448K=POINT,mdtM=COMPLETE,pmrB_Y358N=POINT | AN75: 3.11.26 | AO75: 2023-08-08.2 | AP75: COMBINED | AQ75: 2010 | AR75: 145327 | AS75: 5348581 | AT75: 147 | AU75: PAIRED | AV75: 562 | AW75: Contig | AX75: SKESA v. 2.2 | AY75: 562 | AZ75: DALPHM | BA75: environmental/other | BC75: PDS000129729.1 | BD75: 1
A76: OLF10054 | B76: CFIAFB20100193 | C76: OTT-FD-2010-MI-0124 | D76: 2014-SEQ-1315 | E76: 2014-SEQ-1315 | G76: YES | H76: - | I76: terZ/A/B/C/D/E/W | J76: #N/A | K76: Ground beef/trim | L76: Ground beef/trim | M76: Meat | N76: Other | O76: O157:H7 | P76: O157 (100.0):H7 (100.0)ND | Q76: eae;O157;VT1;VT2;uidA | R76: vtx1a;vtx2a | S76: Stx1a_9_AB035142|Stx2a_1_X07865 | T76: 11 | U76: 2124 | V76: aadA1 (99.87%) Aminoglycoside;aadA2 (100.0%) Aminoglycoside;cmlA1 (99.92%) Phenicol;sul3 (100.0%) sulphonamide;tet(A) (100.0%) Tetracycline | W76: NO | X76: SAMN13333836 | Y76: GCA_027234625.1 | AA76: PRJNA454819 | AB76: SRS16250961 | AC76: SRR22858870 | AD76: PDT001543207.1 | AE76: 2022-12-22T05:40:08Z | AF76: Canada | AG76: DALPHL000000000.1 | AH76: aadA1=COMPLETE,aadA1=PARTIAL_END_OF_CONTIG,aadA2=COMPLETE,cmlA1=COMPLETE,glpT_E448K=POINT,pmrB_Y358N=POINT,sul3=COMPLETE,tet(A)=COMPLETE | AI76: PDG000000004.5130 | AJ76: Escherichia coli | AK76: eae=COMPLETE,ehxA=COMPLETE,espA=COMPLETE,espB=COMPLETE,espJ=COMPLETE,espK=COMPLETE,espP=COMPLETE,espX1=COMPLETE,etpD=COMPLETE,fdeC=COMPLETE,iha=COMPLETE,katP=COMPLETE,lpfA1=COMPLETE,lpfA2=COMPLETE,nleA=COMPLETE,nleB2=COMPLETE,nleB=COMPLETE,nleC=COMPLETE,stxA1=COMPLETE,stxA2=COMPLETE,stxB1=COMPLETE,stxB2=COMPLETE,tccP=PARTIAL_END_OF_CONTIG,tir=COMPLETE,toxB=COMPLETE | AL76: emrE=COMPLETE,merA=HMM,merC=COMPLETE,merD=HMM,merE=HMM,merP=COMPLETE,merR=COMPLETE,merT=COMPLETE,qacL=COMPLETE,terD=COMPLETE,terW=COMPLETE,terZ=COMPLETE | AM76: aadA1=COMPLETE,aadA1=PARTIAL_END_OF_CONTIG,aadA2=COMPLETE,acrF=MISTRANSLATION,blaEC=COMPLETE,cmlA1=COMPLETE,glpT_E448K=POINT,mdtM=COMPLETE,pmrB_Y358N=POINT,sul3=COMPLETE,tet(A)=COMPLETE | AN76: 3.12.8 | AO76: 2024-07-22.1 | AP76: COMBINED | AQ76: 2010 | AR76: 92036 | AS76: 5442287 | AT76: 181 | AU76: PAIRED | AV76: 562 | AW76: Contig | AX76: SKESA v. 2.2 | AY76: 562 | AZ76: DALPHL | BA76: environmental/other | BC76: PDS000129682.1 | BD76: 5
A77: OLF10122-1 | B77: CFIAFB20100212 | C77: GTA-FD-2010-MI-02108 | D77: 2015-SEQ-0036 | E77: 2015-SEQ-0036 | G77: YES | H77: - | I77: terZ/A/B/C/D/E/W | J77: #N/A | K77: MINCED VEAL | L77: MINCED VEAL | M77: Meat | N77: Other | O77: O157:H7 | P77: O157 (100.0):H7 (100.0)ND | Q77: eae;O157;VT2;uidA | R77: vtx2c | S77: Stx2c_17_AB015057 | T77: 11 | U77: new | V77: aac(3) (99.78%) Quinolone;aadA1 (100.0%) Aminoglycoside;sul1 (100.0%) sulphonamide;tet(A) (100.0%) Tetracycline | W77: NO | X77: SAMN13333849 | Y77: GCA_027236485.1 | AA77: PRJNA454819 | AB77: SRS16250960 | AC77: SRR22858871 | AD77: PDT001543208.1 | AE77: 2022-12-22T05:40:08Z | AF77: Canada | AG77: DALPIR000000000.1 | AH77: aac(3)-VIa=COMPLETE,aadA1=COMPLETE,glpT_E448K=POINT,pmrB_Y358N=POINT,sul1=COMPLETE,tet(A)=COMPLETE | AI77: PDG000000004.5130 | AJ77: Escherichia coli | AK77: eae=COMPLETE,ehxA=COMPLETE,espA=COMPLETE,espB=COMPLETE,espJ=COMPLETE,espK=COMPLETE,espP=COMPLETE,etpD=COMPLETE,fdeC=COMPLETE,iha=COMPLETE,katP=COMPLETE,lpfA1=COMPLETE,lpfA2=COMPLETE,nleA=COMPLETE,nleB2=COMPLETE,nleB=COMPLETE,nleC=COMPLETE,stxA2=COMPLETE,stxB2=COMPLETE,tccP=PARTIAL_END_OF_CONTIG,tir=COMPLETE | AL77: ariR=COMPLETE,emrE=COMPLETE,emrE=PARTIAL_END_OF_CONTIG,merA=HMM,merC=COMPLETE,merD=HMM,merE=HMM,merP=COMPLETE,merR=COMPLETE,merT=COMPLETE,qacE=COMPLETE,qacEdelta1=COMPLETE,terD=COMPLETE,terW=COMPLETE,terZ=COMPLETE | AM77: aac(3)-VIa=COMPLETE,aadA1=COMPLETE,acrF=MISTRANSLATION,blaEC=COMPLETE,glpT_E448K=POINT,mdtM=COMPLETE,pmrB_Y358N=POINT,sul1=COMPLETE,tet(A)=COMPLETE | AN77: 3.12.8 | AO77: 2024-07-22.1 | AP77: COMBINED | AQ77: 2010 | AR77: 54804 | AS77: 5369996 | AT77: 301 | AU77: PAIRED | AV77: 562 | AW77: Contig | AX77: SKESA v. 2.2 | AY77: 562 | AZ77: DALPIR | BA77: environmental/other | BC77: PDS000129716.1 | BD77: 7
A78: OLF10122-2 | B78: CFIAFB20100213 | C78: GTA-FD-2010-MI-02109 | D78: 2015-SEQ-0037 | E78: 2015-SEQ-0037 | G78: YES | H78: - | I78: terZ/A/B/C/D/E/W | J78: #N/A | K78: MINCED VEAL | L78: MINCED VEAL | M78: Meat | N78: Other | O78: O157:H7 | P78: O157 (100.0):H7 (100.0)ND | Q78: eae;O157;VT2;uidA | R78: vtx2c | S78: Stx2c_17_AB015057 | T78: 11 | U78: new | V78: aac(3) (99.78%) Quinolone;aadA1 (100.0%) Aminoglycoside;sul1 (100.0%) sulphonamide;tet(A) (100.0%) Tetracycline | W78: NO | X78: SAMN13333850 | Y78: GCA_027231085.1 | AA78: PRJNA454819 | AB78: SRS16250959 | AC78: SRR22858872 | AD78: PDT001543209.1 | AE78: 2022-12-22T05:40:09Z | AF78: Canada | AG78: DALPAU000000000.1 | AH78: aac(3)-VIa=COMPLETE,aadA1=COMPLETE,glpT_E448K=POINT,pmrB_Y358N=POINT,sul1=COMPLETE,tet(A)=COMPLETE | AI78: PDG000000004.5130 | AJ78: Escherichia coli | AK78: eae=COMPLETE,ehxA=COMPLETE,espA=COMPLETE,espB=COMPLETE,espF=PARTIAL,espJ=COMPLETE,espK=COMPLETE,espP=COMPLETE,espX1=COMPLETE,etpD=COMPLETE,fdeC=COMPLETE,iha=COMPLETE,katP=COMPLETE,lpfA1=COMPLETE,lpfA2=COMPLETE,nleA=COMPLETE,nleB2=COMPLETE,nleB=COMPLETE,nleC=COMPLETE,stxA2c=COMPLETE,stxB2c=COMPLETE,tccP=PARTIAL_END_OF_CONTIG,tir=COMPLETE,toxB=COMPLETE | AL78: ariR=COMPLETE,emrE=COMPLETE,emrE=PARTIAL_END_OF_CONTIG,merA=HMM,merC=COMPLETE,merD=HMM,merE=HMM,merP=COMPLETE,merR=COMPLETE,merT=COMPLETE,qacEdelta1=COMPLETE,terD=COMPLETE,terW=COMPLETE,terZ=COMPLETE | AM78: aac(3)-VIa=COMPLETE,aadA1=COMPLETE,acrF=MISTRANSLATION,blaEC=COMPLETE,glpT_E448K=POINT,mdtM=COMPLETE,pmrB_Y358N=POINT,sul1=COMPLETE,tet(A)=COMPLETE | AN78: 3.11.26 | AO78: 2023-08-08.2 | AP78: COMBINED | AQ78: 2010 | AR78: 138860 | AS78: 5400252 | AT78: 204 | AU78: PAIRED | AV78: 562 | AW78: Contig | AX78: SKESA v. 2.2 | AY78: 562 | AZ78: DALPAU | BA78: environmental/other | BC78: PDS000129716.1 | BD78: 7
A79: OLF10125-1 | B79: CFIAFB20100214 | C79: GTA-FD-2010-MI-02102 | D79: 2017-MER-0539 | E79: 2017-MER-0539 | G79: YES | H79: - | I79: terZ/A/B/C/D/E/W | J79: #N/A | K79: BEEF TRIM | L79: BEEF TRIM | M79: Meat | N79: Other | O79: O157:H7 | P79: O157 (100.0):H7 (100.0) | Q79: eae;O157;VT1;VT2;uidA | R79: vtx1a;vtx2a | S79: Stx1a_9_AB035142|Stx2a_1_X07865 | T79: 11 | U79: new | V79: aadA1 (99.87%) Aminoglycoside;aadA2 (100.0%) Aminoglycoside;cmlA1 (99.92%) Phenicol;sul3 (100.0%) sulphonamide;tet(A) (100.0%) Tetracycline | W79: NO | X79: SAMN13333851 | Y79: GCA_027229285.1 | AA79: PRJNA454819 | AB79: SRS16250958 | AC79: SRR22858873 | AD79: PDT001543210.1 | AE79: 2022-12-22T05:40:09Z | AF79: Canada | AG79: DALOYG000000000.1 | AH79: aadA1=COMPLETE,aadA1=PARTIAL_END_OF_CONTIG,aadA2=COMPLETE,cmlA1=COMPLETE,glpT_E448K=POINT,pmrB_Y358N=POINT,sul3=COMPLETE,tet(A)=COMPLETE | AI79: PDG000000004.5130 | AJ79: Escherichia coli | AK79: eae=COMPLETE,ehxA=COMPLETE,espA=COMPLETE,espB=COMPLETE,espJ=COMPLETE,espK=COMPLETE,espP=COMPLETE,espX1=COMPLETE,etpD=COMPLETE,fdeC=COMPLETE,iha=COMPLETE,katP=COMPLETE,lpfA1=COMPLETE,lpfA2=COMPLETE,nleA=COMPLETE,nleB2=COMPLETE,nleB=COMPLETE,nleC=COMPLETE,stxA1=COMPLETE,stxA2=COMPLETE,stxB1=COMPLETE,stxB2=COMPLETE,tccP=PARTIAL_END_OF_CONTIG,tir=COMPLETE,toxB=COMPLETE | AL79: emrE=COMPLETE,merA=HMM,merC=COMPLETE,merD=HMM,merE=HMM,merP=COMPLETE,merR=COMPLETE,merT=COMPLETE,qacL=COMPLETE,terD=COMPLETE,terW=COMPLETE,terZ=COMPLETE | AM79: aadA1=COMPLETE,aadA1=PARTIAL_END_OF_CONTIG,aadA2=COMPLETE,acrF=MISTRANSLATION,blaEC=COMPLETE,cmlA1=COMPLETE,glpT_E448K=POINT,mdtM=COMPLETE,pmrB_Y358N=POINT,sul3=COMPLETE,tet(A)=COMPLETE | AN79: 3.12.8 | AO79: 2024-07-22.1 | AP79: COMBINED | AQ79: 2010 | AR79: 149646 | AS79: 5478981 | AT79: 171 | AU79: PAIRED | AV79: 562 | AW79: Contig | AX79: SKESA v. 2.2 | AY79: 562 | AZ79: DALOYG | BA79: environmental/other | BC79: PDS000129682.1 | BD79: 0
A80: OLF10127 | B80: CFIAFB20100215 | C80: OTT-FD-2010-MI-0980 | D80: 2015-SEQ-0039 | E80: 2015-SEQ-0039 | G80: YES | H80: - | I80: terZ/A/B/C/D/E/W | J80: #N/A | K80: Beef | L80: Beef | M80: Meat | N80: Other | O80: O157:H7 | P80: O157 (100.0):H7 (100.0)ND | Q80: eae;O157;VT1;VT2;uidA | R80: vtx1a;vtx2a | S80: Stx1a_9_AB035142|Stx2a_1_X07865 | T80: 11 | U80: new | V80: aadA1 (99.87%) Aminoglycoside;aadA2 (100.0%) Aminoglycoside;cmlA1 (99.92%) Phenicol;sul3 (100.0%) sulphonamide;tet(A) (100.0%) Tetracycline | W80: NO | X80: SAMN13333852 | Y80: GCA_027235485.1 | AA80: PRJNA454819 | AB80: SRS16250956 | AC80: SRR22858875 | AD80: PDT001543212.1 | AE80: 2022-12-22T05:40:09Z | AF80: Canada | AG80: DALPIF000000000.1 | AH80: aadA1=COMPLETE,aadA1=PARTIAL_END_OF_CONTIG,aadA2=COMPLETE,cmlA1=COMPLETE,glpT_E448K=POINT,pmrB_Y358N=POINT,sul3=COMPLETE,tet(A)=COMPLETE | AI80: PDG000000004.5130 | AJ80: Escherichia coli | AK80: eae=COMPLETE,ehxA=COMPLETE,espA=COMPLETE,espB=COMPLETE,espF=PARTIAL,espJ=COMPLETE,espK=COMPLETE,espP=COMPLETE,espX1=COMPLETE,etpD=COMPLETE,fdeC=COMPLETE,iha=COMPLETE,katP=COMPLETE,lpfA1=COMPLETE,lpfA2=COMPLETE,nleA=COMPLETE,nleB2=COMPLETE,nleB=COMPLETE,nleC=COMPLETE,stxA1=COMPLETE,stxA2=COMPLETE,stxB1=COMPLETE,stxB2=COMPLETE,tccP=PARTIAL_END_OF_CONTIG,tir=COMPLETE,toxB=COMPLETE | AL80: emrE=COMPLETE,merA=HMM,merC=COMPLETE,merD=HMM,merE=HMM,merP=COMPLETE,merR=COMPLETE,merT=COMPLETE,qacL=COMPLETE,terD=COMPLETE,terW=COMPLETE,terZ=COMPLETE | AM80: aadA1=COMPLETE,aadA1=PARTIAL_END_OF_CONTIG,aadA2=COMPLETE,acrF=MISTRANSLATION,blaEC=COMPLETE,cmlA1=COMPLETE,glpT_E448K=POINT,mdtM=COMPLETE,pmrB_Y358N=POINT,sul3=COMPLETE,tet(A)=COMPLETE | AN80: 3.12.8 | AO80: 2024-07-22.1 | AP80: COMBINED | AQ80: 2010 | AR80: 108473 | AS80: 5490787 | AT80: 193 | AU80: PAIRED | AV80: 562 | AW80: Contig | AX80: SKESA v. 2.2 | AY80: 562 | AZ80: DALPIF | BA80: environmental/other | BC80: PDS000129682.1 | BD80: 2
A81: OLF10111-2 | B81: CFIAFB20100224 | C81: GTA-FD-2010-MI-01856 | D81: 2017-GTA-0164 | E81: 2017-GTA-0164 | G81: YES | H81: - | I81: terZ/A/B/C/D/E/W | J81: #N/A | K81: Beef burgers | L81: Beef burgers | M81: Meat | N81: Other | O81: O157:H7 | P81: O157 (100.0):H7 (100.0) | Q81: eae;O157;VT1;VT2;uidA | R81: vtx1a;vtx2a | S81: Stx1a_9_AB035142|Stx2a_1_X07865 | T81: 11 | U81: new | V81: ND | W81: NO | X81: SAMN13333854 | Y81: GCA_027234605.1 | AA81: PRJNA454819 | AB81: SRS16250955 | AC81: SRR22858876 | AD81: PDT001543213.1 | AE81: 2022-12-22T05:40:09Z | AF81: Canada | AG81: DALPHJ000000000.1 | AH81: glpT_E448K=POINT,pmrB_Y358N=POINT | AI81: PDG000000004.5130 | AJ81: Escherichia coli | AK81: eae=COMPLETE,ehxA=COMPLETE,espA=COMPLETE,espB=COMPLETE,espF=PARTIAL,espJ=COMPLETE,espK=COMPLETE,espP=COMPLETE,espX1=COMPLETE,etpD=COMPLETE,fdeC=COMPLETE,iha=COMPLETE,katP=COMPLETE,lpfA1=COMPLETE,lpfA2=COMPLETE,nleA=COMPLETE,nleB2=COMPLETE,nleB=COMPLETE,nleC=COMPLETE,stxA1a=COMPLETE,stxA2c=COMPLETE,stxB1a=COMPLETE,stxB2a=COMPLETE,tccP=PARTIAL,tccP=PARTIAL_END_OF_CONTIG,tir=COMPLETE,toxB=COMPLETE | AL81: emrE=COMPLETE,terD=COMPLETE,terW=COMPLETE,terZ=COMPLETE | AM81: acrF=MISTRANSLATION,blaEC=COMPLETE,glpT_E448K=POINT,mdtM=COMPLETE,pmrB_Y358N=POINT | AN81: 3.11.26 | AO81: 2023-08-08.2 | AP81: COMBINED | AQ81: 2010 | AR81: 168238 | AS81: 5375432 | AT81: 139 | AU81: PAIRED | AV81: 562 | AW81: Contig | AX81: SKESA v. 2.2 | AY81: 562 | AZ81: DALPHJ | BA81: environmental/other | BC81: PDS000035066.74 | BD81: 0 | BE81: 25
A82: OLF10111-3 | B82: CFIAFB20100225 | C82: GTA-FD-2010-MI-01856 | D82: 2017-GTA-0165 | E82: 2017-GTA-0165 | G82: YES | H82: - | I82: terZ/A/B/C/D/E/W | J82: #N/A | K82: Beef burgers | L82: Beef burgers | M82: Meat | N82: Other | O82: O157:H7 | P82: O157 (100.0):H7 (100.0) | Q82: eae;O157;VT1;VT2;uidA | R82: vtx1a;vtx2a | S82: Stx1a_9_AB035142|Stx2a_1_X07865 | T82: 11 | U82: new | V82: ND | W82: NO | X82: SAMN13333855 | Y82: GCA_027231005.1 | AA82: PRJNA454819 | AB82: SRS16250954 | AC82: SRR22858877 | AD82: PDT001543214.1 | AE82: 2022-12-22T05:40:10Z | AF82: Canada | AG82: DALPAS000000000.1 | AH82: glpT_E448K=POINT,pmrB_Y358N=POINT | AI82: PDG000000004.5130 | AJ82: Escherichia coli | AK82: eae=COMPLETE,ehxA=COMPLETE,espA=COMPLETE,espB=COMPLETE,espF=PARTIAL,espJ=PARTIAL,espK=COMPLETE,espP=COMPLETE,espX1=COMPLETE,etpD=COMPLETE,fdeC=COMPLETE,iha=COMPLETE,katP=COMPLETE,lpfA1=COMPLETE,lpfA2=COMPLETE,nleA=COMPLETE,nleB2=COMPLETE,nleB=COMPLETE,nleC=COMPLETE,stxA1a=COMPLETE,stxA2c=COMPLETE,stxB1a=COMPLETE,stxB2a=COMPLETE,tccP=PARTIAL_END_OF_CONTIG,tir=COMPLETE,toxB=COMPLETE | AL82: emrE=COMPLETE,terD=COMPLETE,terW=COMPLETE,terZ=COMPLETE | AM82: acrF=MISTRANSLATION,blaEC=COMPLETE,glpT_E448K=POINT,mdtM=COMPLETE,pmrB_Y358N=POINT | AN82: 3.11.26 | AO82: 2023-08-08.2 | AP82: COMBINED | AQ82: 2010 | AR82: 160336 | AS82: 5374763 | AT82: 139 | AU82: PAIRED | AV82: 562 | AW82: Contig | AX82: SKESA v. 2.2 | AY82: 562 | AZ82: DALPAS | BA82: environmental/other | BC82: PDS000035066.74 | BD82: 0 | BE82: 25
A83: OLF10111-4 | B83: CFIAFB20100226 | C83: GTA-FD-2010-MI-01856 | D83: 2017-GTA-0166 | E83: 2017-GTA-0166 | G83: YES | H83: - | I83: terZ/A/B/C/D/E/W | J83: #N/A | K83: Beef burgers | L83: Beef burgers | M83: Meat | N83: Other | O83: O157:H7 | P83: O157 (100.0):H7 (100.0) | Q83: eae;O157;VT1;VT2;uidA | R83: vtx1a;vtx2a | S83: Stx1a_9_AB035142|Stx2a_1_X07865 | T83: 11 | U83: new | V83: ND | W83: NO | X83: SAMN13333856 | Y83: GCA_027236425.1 | AA83: PRJNA454819 | AB83: SRS16250953 | AC83: SRR22858878 | AD83: PDT001543215.1 | AE83: 2022-12-22T05:40:10Z | AF83: Canada | AG83: DALPIQ000000000.1 | AH83: glpT_E448K=POINT,pmrB_Y358N=POINT | AI83: PDG000000004.5130 | AJ83: Escherichia coli | AK83: eae=COMPLETE,ehxA=COMPLETE,espA=COMPLETE,espB=COMPLETE,espF=PARTIAL,espJ=COMPLETE,espK=COMPLETE,espP=COMPLETE,espX1=COMPLETE,etpD=COMPLETE,fdeC=COMPLETE,iha=COMPLETE,katP=COMPLETE,lpfA1=COMPLETE,lpfA2=COMPLETE,nleA=COMPLETE,nleB2=COMPLETE,nleB=COMPLETE,nleC=COMPLETE,stxA1a=COMPLETE,stxA2c=COMPLETE,stxB1a=COMPLETE,stxB2a=COMPLETE,tccP=COMPLETE,tir=COMPLETE,toxB=COMPLETE | AL83: emrE=COMPLETE,terD=COMPLETE,terW=COMPLETE,terZ=COMPLETE | AM83: acrF=MISTRANSLATION,blaEC=COMPLETE,glpT_E448K=POINT,mdtM=COMPLETE,pmrB_Y358N=POINT | AN83: 3.11.26 | AO83: 2023-08-08.2 | AP83: COMBINED | AQ83: 2010 | AR83: 160336 | AS83: 5363489 | AT83: 143 | AU83: PAIRED | AV83: 562 | AW83: Contig | AX83: SKESA v. 2.2 | AY83: 562 | AZ83: DALPIQ | BA83: environmental/other | BC83: PDS000035066.74 | BD83: 0 | BE83: 25
A84: OLF10125-2 | B84: CFIAFB20100227 | C84: GTA-FD-2010-MI-02102 | D84: 2014-SEQ-0093 | E84: 2014-SEQ-0093 | G84: YES | H84: - | I84: terZ/A/B/C/D/E/W | J84: #N/A | K84: beef trim | L84: beef trim | M84: Meat | N84: Other | O84: O157:H7 | P84: O157 (100.0):H7 (100.0) | Q84: eae;O157;VT1;VT2;uidA | R84: vtx1a;vtx2a | S84: Stx1a_9_AB035142|Stx2a_1_X07865 | T84: 11 | U84: new | V84: aadA1 (99.87%) Aminoglycoside;aadA2 (100.0%) Aminoglycoside;cmlA1 (99.92%) Phenicol;sul3 (100.0%) sulphonamide;tet(A) (100.0%) Tetracycline | W84: NO | X84: SAMN13333857 | Y84: GCA_027229365.1 | AA84: PRJNA454819 | AB84: SRS16250952 | AC84: SRR22858879 | AD84: PDT001543216.1 | AE84: 2022-12-22T05:40:10Z | AF84: Canada | AG84: DALOYF000000000.1 | AH84: aadA1=COMPLETE,aadA1=PARTIAL_END_OF_CONTIG,aadA2=COMPLETE,cmlA1=COMPLETE,glpT_E448K=POINT,pmrB_Y358N=POINT,sul3=COMPLETE,tet(A)=COMPLETE | AI84: PDG000000004.5130 | AJ84: Escherichia coli | AK84: eae=COMPLETE,ehxA=COMPLETE,espA=COMPLETE,espB=COMPLETE,espJ=COMPLETE,espK=COMPLETE,espP=COMPLETE,espX1=COMPLETE,etpD=COMPLETE,fdeC=COMPLETE,iha=COMPLETE,katP=COMPLETE,lpfA1=COMPLETE,lpfA2=COMPLETE,nleA=COMPLETE,nleB2=COMPLETE,nleB=COMPLETE,nleC=COMPLETE,stxA1a=COMPLETE,stxA2c=COMPLETE,stxB1a=COMPLETE,stxB2a=COMPLETE,tccP=PARTIAL_END_OF_CONTIG,tir=COMPLETE,toxB=COMPLETE | AL84: emrE=COMPLETE,merA=HMM,merC=COMPLETE,merD=HMM,merE=HMM,merP=COMPLETE,merR=COMPLETE,merT=COMPLETE,qacL=COMPLETE,terD=COMPLETE,terW=COMPLETE,terZ=COMPLETE | AM84: aadA1=COMPLETE,aadA1=PARTIAL_END_OF_CONTIG,aadA2=COMPLETE,acrF=MISTRANSLATION,blaEC=COMPLETE,cmlA1=COMPLETE,glpT_E448K=POINT,mdtM=COMPLETE,pmrB_Y358N=POINT,sul3=COMPLETE,tet(A)=COMPLETE | AN84: 3.11.26 | AO84: 2023-08-08.2 | AP84: COMBINED | AQ84: 2010 | AR84: 112344 | AS84: 5472887 | AT84: 229 | AU84: PAIRED | AV84: 562 | AW84: Contig | AX84: SKESA v. 2.2 | AY84: 562 | AZ84: DALOYF | BA84: environmental/other | BC84: PDS000129682.1 | BD84: 1
A85: OLF10125-3 | B85: CFIAFB20100228 | C85: GTA-FD-2010-MI-02102 | D85: 2014-SEQ-0094 | E85: 2014-SEQ-0094 | G85: YES | H85: - | I85: terZ/A/B/C/D/E/W | J85: #N/A | K85: beef trim | L85: beef trim | M85: Meat | N85: Nuts/Seeds | O85: O157:H7 | P85: O157 (100.0):H7 (100.0) | Q85: eae;O157;VT1;VT2;uidA | R85: vtx1a;vtx2a | S85: Stx1a_9_AB035142|Stx2a_1_X07865 | T85: 11 | U85: new | V85: aadA1 (99.87%) Aminoglycoside;aadA2 (100.0%) Aminoglycoside;cmlA1 (99.92%) Phenicol;sul3 (100.0%) sulphonamide;tet(A) (100.0%) Tetracycline | W85: NO | X85: SAMN13333858 | Y85: GCA_027230225.1 | AA85: PRJNA454819 | AB85: SRS16250946 | AC85: SRR22858885 | AD85: PDT001543222.1 | AE85: 2022-12-22T05:40:11Z | AF85: Canada | AG85: DALOZF000000000.1 | AH85: aadA1=COMPLETE,aadA1=PARTIAL_END_OF_CONTIG,aadA2=COMPLETE,cmlA1=COMPLETE,glpT_E448K=POINT,pmrB_Y358N=POINT,sul3=COMPLETE,tet(A)=COMPLETE | AI85: PDG000000004.5130 | AJ85: Escherichia coli | AK85: eae=COMPLETE,ehxA=COMPLETE,espA=COMPLETE,espB=COMPLETE,espJ=PARTIAL,espK=COMPLETE,espP=COMPLETE,etpD=COMPLETE,fdeC=COMPLETE,iha=COMPLETE,katP=COMPLETE,lpfA1=COMPLETE,lpfA2=COMPLETE,nleA=COMPLETE,nleB2=COMPLETE,nleB=COMPLETE,nleC=COMPLETE,stxA1=COMPLETE,stxA2=COMPLETE,stxB1=COMPLETE,stxB2=COMPLETE,tccP=PARTIAL_END_OF_CONTIG,tir=COMPLETE | AL85: emrE=COMPLETE,merA=HMM,merC=COMPLETE,merD=HMM,merE=HMM,merP=COMPLETE,merR=COMPLETE,merT=COMPLETE,qacL=COMPLETE,terD=COMPLETE,terW=COMPLETE,terZ=COMPLETE | AM85: aadA1=COMPLETE,aadA1=PARTIAL_END_OF_CONTIG,aadA2=COMPLETE,acrF=MISTRANSLATION,blaEC=COMPLETE,cmlA1=COMPLETE,glpT_E448K=POINT,mdtM=COMPLETE,pmrB_Y358N=POINT,sul3=COMPLETE,tet(A)=COMPLETE | AN85: 3.12.8 | AO85: 2024-07-22.1 | AP85: COMBINED | AQ85: 2010 | AR85: 43143 | AS85: 5397075 | AT85: 486 | AU85: PAIRED | AV85: 562 | AW85: Contig | AX85: SKESA v. 2.2 | AY85: 562 | AZ85: DALOZF | BA85: environmental/other | BC85: PDS000129682.1 | BD85: 0
A86: OLF10125-4 | B86: CFIAFB20100229 | C86: GTA-FD-2010-MI-02102 | D86: 2014-SEQ-0095 | E86: 2014-SEQ-0095 | G86: YES | H86: - | I86: terZ/A/B/C/D/E/W | J86: #N/A | K86: beef trim | L86: beef trim | M86: Meat | N86: Other | O86: O157:H7 | P86: O157 (100.0):H7 (100.0) | Q86: eae;O157;VT1;VT2;uidA | R86: vtx1a;vtx2a | S86: Stx1a_9_AB035142|Stx2a_1_X07865 | T86: 11 | U86: new | V86: aadA1 (99.87%) Aminoglycoside;aadA2 (100.0%) Aminoglycoside;cmlA1 (99.92%) Phenicol;sul3 (100.0%) sulphonamide;tet(A) (100.0%) Tetracycline | W86: NO | X86: SAMN13333859 | Y86: GCA_027234565.1 | AA86: PRJNA454819 | AB86: SRS16250945 | AC86: SRR22858886 | AD86: PDT001543223.1 | AE86: 2022-12-22T05:40:11Z | AF86: Canada | AG86: DALPHK000000000.1 | AH86: aadA1=COMPLETE,aadA1=PARTIAL_END_OF_CONTIG,aadA2=COMPLETE,cmlA1=COMPLETE,glpT_E448K=POINT,pmrB_Y358N=POINT,sul3=COMPLETE,tet(A)=COMPLETE | AI86: PDG000000004.5130 | AJ86: Escherichia coli | AK86: eae=COMPLETE,ehxA=COMPLETE,espA=COMPLETE,espB=COMPLETE,espF=PARTIAL,espJ=COMPLETE,espK=COMPLETE,espP=COMPLETE,espX1=COMPLETE,etpD=COMPLETE,fdeC=COMPLETE,iha=COMPLETE,katP=COMPLETE,lpfA1=COMPLETE,lpfA2=COMPLETE,nleA=COMPLETE,nleB2=COMPLETE,nleB=COMPLETE,nleC=COMPLETE,stxA1=COMPLETE,stxA2=COMPLETE,stxB1=COMPLETE,stxB2=COMPLETE,tccP=PARTIAL_END_OF_CONTIG,tir=COMPLETE,toxB=COMPLETE | AL86: emrE=COMPLETE,merA=HMM,merC=COMPLETE,merD=HMM,merE=HMM,merP=COMPLETE,merR=COMPLETE,merT=COMPLETE,qacL=COMPLETE,terD=COMPLETE,terW=COMPLETE,terZ=COMPLETE | AM86: aadA1=COMPLETE,aadA1=PARTIAL_END_OF_CONTIG,aadA2=COMPLETE,acrF=MISTRANSLATION,blaEC=COMPLETE,cmlA1=COMPLETE,glpT_E448K=POINT,mdtM=COMPLETE,pmrB_Y358N=POINT,sul3=COMPLETE,tet(A)=COMPLETE | AN86: 3.12.8 | AO86: 2024-07-22.1 | AP86: COMBINED | AQ86: 2010 | AR86: 80259 | AS86: 5452444 | AT86: 302 | AU86: PAIRED | AV86: 562 | AW86: Contig | AX86: SKESA v. 2.2 | AY86: 562 | AZ86: DALPHK | BA86: environmental/other | BC86: PDS000129682.1 | BD86: 0
A87: OLF10125-5 | B87: CFIAFB20100230 | C87: GTA-FD-2010-MI-02102 | D87: 2014-SEQ-0096 | E87: 2014-SEQ-0096 | G87: YES | H87: - | I87: terZ/A/B/C/D/E/W | J87: #N/A | K87: beef trim | L87: beef trim | M87: Meat | N87: Nuts/Seeds | O87: O157:H7 | P87: O157 (100.0):H7 (100.0) | Q87: eae;O157;VT1;VT2;uidA | R87: vtx1a;vtx2a | S87: Stx1a_9_AB035142|Stx2a_1_X07865 | T87: 11 | U87: new | V87: aadA1 (99.87%) Aminoglycoside;aadA2 (100.0%) Aminoglycoside;cmlA1 (99.92%) Phenicol;sul3 (100.0%) sulphonamide;tet(A) (100.0%) Tetracycline | W87: NO | X87: SAMN13333860 | Y87: GCA_027234585.1 | AA87: PRJNA454819 | AB87: SRS16250944 | AC87: SRR22858887 | AD87: PDT001543224.1 | AE87: 2022-12-22T05:40:11Z | AF87: Canada | AG87: DALPHI000000000.1 | AH87: aadA1=COMPLETE,aadA1=PARTIAL_END_OF_CONTIG,aadA2=COMPLETE,cmlA1=COMPLETE,glpT_E448K=POINT,pmrB_Y358N=POINT,sul3=COMPLETE,tet(A)=COMPLETE | AI87: PDG000000004.5130 | AJ87: Escherichia coli | AK87: eae=COMPLETE,ehxA=COMPLETE,espA=COMPLETE,espB=COMPLETE,espF=PARTIAL_END_OF_CONTIG,espJ=COMPLETE,espK=COMPLETE,espP=COMPLETE,espX1=COMPLETE,etpD=COMPLETE,fdeC=COMPLETE,iha=COMPLETE,katP=COMPLETE,lpfA1=COMPLETE,lpfA2=COMPLETE,nleA=COMPLETE,nleB2=COMPLETE,nleB=COMPLETE,nleC=COMPLETE,stxA1=COMPLETE,stxA2=COMPLETE,stxB1=COMPLETE,stxB2=COMPLETE,tccP=PARTIAL_END_OF_CONTIG,tir=COMPLETE,toxB=COMPLETE | AL87: emrE=COMPLETE,merA=HMM,merC=COMPLETE,merD=HMM,merE=HMM,merP=COMPLETE,merR=COMPLETE,merT=COMPLETE,qacL=COMPLETE,terD=COMPLETE,terW=COMPLETE,terZ=COMPLETE | AM87: aadA1=COMPLETE,aadA1=PARTIAL_END_OF_CONTIG,aadA2=COMPLETE,acrF=MISTRANSLATION,blaEC=COMPLETE,blaEC=PARTIAL,cmlA1=COMPLETE,glpT_E448K=POINT,mdtM=COMPLETE,pmrB_Y358N=POINT,sul3=COMPLETE,tet(A)=COMPLETE | AN87: 3.12.8 | AO87: 2024-07-22.1 | AP87: COMBINED | AQ87: 2010 | AR87: 104594 | AS87: 5452780 | AT87: 210 | AU87: PAIRED | AV87: 562 | AW87: Contig | AX87: SKESA v. 2.2 | AY87: 562 | AZ87: DALPHI | BA87: environmental/other | BC87: PDS000129682.1 | BD87: 0
A88: OLF11038 | B88: CFIAFB20110113 | C88: STH-FD-2011-MI-0517 | D88: 2015-SEQ-0040 | E88: 2015-SEQ-0040 | G88: YES | H88: - | I88: terZ/A/B/C/D/E/W | J88: #N/A | K88: Ground beef/trim | L88: Ground beef/trim | M88: Meat | N88: Meat | O88: O157:H7 | P88: O157 (100.0):H7 (100.0)ND | Q88: eae;O157;VT2;uidA | R88: vtx2c | S88: Stx2c_17_AB015057 | T88: 11 | U88: 2117 | V88: ND | W88: NO | X88: SAMN13333970 | Y88: GCA_027234005.1 | AA88: PRJNA454819 | AB88: SRS16250943 | AC88: SRR22858888 | AD88: PDT001543225.1 | AE88: 2022-12-22T05:40:12Z | AF88: Canada | AG88: DALPGG000000000.1 | AH88: glpT_E448K=POINT,pmrB_Y358N=POINT | AI88: PDG000000004.5130 | AJ88: Escherichia coli | AK88: eae=COMPLETE,ehxA=COMPLETE,espA=COMPLETE,espB=COMPLETE,espF=PARTIAL,espJ=COMPLETE,espK=COMPLETE,espP=COMPLETE,espX1=COMPLETE,etpD=COMPLETE,fdeC=COMPLETE,iha=COMPLETE,katP=PARTIAL_END_OF_CONTIG,lpfA1=COMPLETE,lpfA2=COMPLETE,nleA=COMPLETE,nleB2=COMPLETE,nleB=COMPLETE,nleC=COMPLETE,stxA2c=COMPLETE,stxB2c=COMPLETE,tccP=PARTIAL_END_OF_CONTIG,tir=COMPLETE,toxB=PARTIAL_END_OF_CONTIG | AL88: ariR=COMPLETE,emrE=COMPLETE,emrE=PARTIAL,terD=COMPLETE,terW=COMPLETE,terZ=COMPLETE | AM88: acrF=MISTRANSLATION,blaEC=COMPLETE,glpT_E448K=POINT,mdtM=COMPLETE,pmrB_Y358N=POINT | AN88: 3.11.26 | AO88: 2023-08-08.2 | AP88: COMBINED | AQ88: 2011 | AR88: 82254 | AS88: 5287870 | AT88: 227 | AU88: PAIRED | AV88: 562 | AW88: Contig | AX88: SKESA v. 2.2 | AY88: 562 | AZ88: DALPGG | BA88: environmental/other
A89: OLF11091 | B89: CFIAFB20110122 | C89: GTA-FD-2011-MI-00941 | D89: 2017-MER-0542 | E89: 2017-MER-0542 | G89: YES | H89: - | I89: terZ/A/B/C/D/E/W | J89: #N/A | K89: BEEF TRIM | L89: BEEF TRIM | M89: Meat | N89: Meat | O89: O157:H7 | P89: O157 (100.0):H7 (100.0) | Q89: eae;O157;VT2;uidA | R89: vtx2c | S89: Stx2c_17_AB015057 | T89: 11 | U89: 2124 | V89: ND | W89: NO | X89: SAMN13333978 | Y89: GCA_027230205.1 | AA89: PRJNA454819 | AB89: SRS16250942 | AC89: SRR22858889 | AD89: PDT001543226.1 | AE89: 2022-12-22T05:40:12Z | AF89: Canada | AG89: DALOZC000000000.1 | AH89: glpT_E448K=POINT,pmrB_Y358N=POINT | AI89: PDG000000004.5130 | AJ89: Escherichia coli | AK89: eae=COMPLETE,ehxA=COMPLETE,espA=COMPLETE,espB=COMPLETE,espJ=COMPLETE,espK=COMPLETE,espP=COMPLETE,espX1=COMPLETE,etpD=COMPLETE,fdeC=COMPLETE,iha=COMPLETE,iss=COMPLETE,katP=COMPLETE,lpfA1=COMPLETE,lpfA2=COMPLETE,nleA=COMPLETE,nleB2=COMPLETE,nleB=COMPLETE,nleC=COMPLETE,stxA2c=COMPLETE,stxB2c=COMPLETE,tccP=PARTIAL_END_OF_CONTIG,tir=COMPLETE,toxB=COMPLETE | AL89: emrE=COMPLETE,terD=COMPLETE,terW=COMPLETE,terZ=COMPLETE | AM89: acrF=MISTRANSLATION,blaEC=COMPLETE,glpT_E448K=POINT,mdtM=COMPLETE,pmrB_Y358N=POINT | AN89: 3.11.26 | AO89: 2023-08-08.2 | AP89: COMBINED | AQ89: 2011 | AR89: 178353 | AS89: 5387062 | AT89: 208 | AU89: PAIRED | AV89: 562 | AW89: Contig | AX89: SKESA v. 2.2 | AY89: 562 | AZ89: DALOZC | BA89: environmental/other
A90: OLC1128 | B90: CFIAFB20110141 | C90: GTA-FD-2011-MI-00510 | D90: 2017-MER-0377 | E90: 2017-MER-0377 | G90: YES | H90: - | I90: terZ/A/B/C/D/E/W | J90: #N/A | K90: Veal liver (white veal) | L90: Veal liver (white veal) | M90: Meat | N90: Vegetable | O90: O157:H7 | P90: O157 (100.0):H7 (100.0) | Q90: eae;O157;VT2;uidA | R90: vtx2a | S90: Stx2a_1_JH968311.1 | T90: 11 | U90: 61945 | V90: aadA1 (99.75%) Aminoglycoside;aadA1 (99.75%) Aminoglycoside;sul1 (100.0%) sulphonamide;tet(A) (100.0%) Tetracycline | W90: NO | X90: SAMN13333984 | Y90: GCA_027234525.1 | AA90: PRJNA454819 | AB90: SRS16250940 | AC90: SRR22858891 | AD90: PDT001543228.1 | AE90: 2022-12-22T05:40:12Z | AF90: Canada | AG90: DALPHG000000000.1 | AH90: aadA1=COMPLETE,glpT_E448K=POINT,pmrB_Y358N=POINT,sul1=COMPLETE,tet(A)=COMPLETE | AI90: PDG000000004.5130 | AJ90: Escherichia coli | AK90: eae=COMPLETE,ehxA=COMPLETE,espA=COMPLETE,espB=COMPLETE,espJ=COMPLETE,espK=COMPLETE,espP=PARTIAL_END_OF_CONTIG,espX1=COMPLETE,etpD=COMPLETE,fdeC=COMPLETE,iha=COMPLETE,katP=COMPLETE,lpfA1=COMPLETE,lpfA2=COMPLETE,nleA=COMPLETE,nleB2=COMPLETE,nleB=COMPLETE,nleC=COMPLETE,stxA2c=COMPLETE,stxB2a=COMPLETE,tccP=PARTIAL_END_OF_CONTIG,tir=COMPLETE,toxB=COMPLETE | AL90: emrE=COMPLETE,merA=HMM,merC=COMPLETE,merD=HMM,merE=HMM,merP=COMPLETE,merR=COMPLETE,merT=COMPLETE,qacEdelta1=COMPLETE,terD=COMPLETE,terW=COMPLETE,terZ=COMPLETE | AM90: aadA1=COMPLETE,acrF=MISTRANSLATION,blaEC=COMPLETE,glpT_E448K=POINT,mdtM=COMPLETE,pmrB_Y358N=POINT,sul1=COMPLETE,tet(A)=COMPLETE | AN90: 3.11.26 | AO90: 2023-08-08.2 | AP90: COMBINED | AQ90: 2011 | AR90: 188297 | AS90: 5514269 | AT90: 233 | AU90: PAIRED | AV90: 562 | AW90: Contig | AX90: SKESA v. 2.2 | AY90: 562 | AZ90: DALPHG | BA90: environmental/other | BC90: PDS000129622.1 | BD90: 1
A91: OLC1359 | B91: CFIAFB20110143 | C91: GTA-FD-2011-MI-00512 | D91: 2019-MER-0040 | E91: 2019-MER-0040 | G91: YES | H91: - | I91: terZ/A/B/C/D/E/W | J91: #N/A | K91: Veal liver (white veal) | L91: Veal liver (white veal) | M91: Meat | N91: Vegetable | O91: O157:H7 | P91: O157 (100.0):H7 (100.0) | Q91: eae;hlyAEc;O157;VT2;uidA | R91: vtx2a | S91: Stx2a_1_JH968311.1 | T91: 11 | U91: 61945 | V91: aminoglycoside(aadA1 (99.75%);aadA1 (99.75%));macrolide(mdf(A) (98.54%));sulphonamide(sul1 (100.0%));tetracycline(tet(A) (100.0%)); | W91: 0 | X91: SAMN13333986 | Y91: GCA_027239345.1 | AA91: PRJNA454819 | AB91: SRS16250939 | AC91: SRR22858892 | AD91: PDT001543229.1 | AE91: 2022-12-22T05:40:12Z | AF91: Canada | AG91: DALPNB000000000.1 | AH91: aadA1=COMPLETE,glpT_E448K=POINT,pmrB_Y358N=POINT,sul1=COMPLETE,tet(A)=COMPLETE | AI91: PDG000000004.5130 | AJ91: Escherichia coli | AK91: eae=COMPLETE,ehxA=COMPLETE,espA=COMPLETE,espB=COMPLETE,espF=PARTIAL,espJ=COMPLETE,espK=COMPLETE,espP=PARTIAL_END_OF_CONTIG,espX1=COMPLETE,etpD=COMPLETE,fdeC=COMPLETE,iha=COMPLETE,katP=COMPLETE,lpfA1=COMPLETE,lpfA2=COMPLETE,nleA=COMPLETE,nleB2=COMPLETE,nleB=COMPLETE,nleC=COMPLETE,stxA2c=COMPLETE,stxB2a=COMPLETE,tccP=PARTIAL_END_OF_CONTIG,tir=COMPLETE,toxB=COMPLETE | AL91: emrE=COMPLETE,merA=HMM,merC=COMPLETE,merD=HMM,merE=HMM,merP=COMPLETE,merR=COMPLETE,merT=COMPLETE,qacEdelta1=COMPLETE,terD=COMPLETE,terW=COMPLETE,terZ=COMPLETE | AM91: aadA1=COMPLETE,acrF=MISTRANSLATION,blaEC=COMPLETE,glpT_E448K=POINT,mdtM=COMPLETE,pmrB_Y358N=POINT,sul1=COMPLETE,tet(A)=COMPLETE | AN91: 3.11.26 | AO91: 2023-08-08.2 | AP91: COMBINED | AQ91: 2011 | AR91: 134487 | AS91: 5518484 | AT91: 260 | AU91: PAIRED | AV91: 562 | AW91: Contig | AX91: SKESA v. 2.2 | AY91: 562 | AZ91: DALPNB | BA91: environmental/other | BC91: PDS000129622.1 | BD91: 0
A92: OLC1338 | B92: CFIAFB20110144 | C92: GTA-FD-2011-MI-00595 | D92: 2017-GTA-0167 | E92: 2017-GTA-0167 | G92: YES | H92: - | I92: terZ/A/B/C/D/E/W | J92: #N/A | K92: Walnuts | L92: Walnuts | M92: Nuts/Seeds | N92: Other | O92: O157:H7 | P92: O157 (100.0):H7 (100.0) | Q92: eae;O157;VT2;uidA | R92: vtx2a | S92: Stx2a_1_JH968311.1 | T92: 11 | U92: 61945 | V92: aadA1 (99.75%) Aminoglycoside;aadA1 (99.75%) Aminoglycoside;sul1 (100.0%) sulphonamide;tet(A) (100.0%) Tetracycline | W92: NO | X92: SAMN13333987 | Y92: GCA_027228545.1 | AA92: PRJNA454819 | AB92: SRS16250938 | AC92: SRR22858893 | AD92: PDT001543230.1 | AE92: 2022-12-22T05:40:12Z | AF92: Canada | AG92: DALOXD000000000.1 | AH92: aadA1=COMPLETE,glpT_E448K=POINT,pmrB_Y358N=POINT,sul1=COMPLETE,tet(A)=COMPLETE | AI92: PDG000000004.5130 | AJ92: Escherichia coli | AK92: eae=COMPLETE,ehxA=COMPLETE,espA=COMPLETE,espB=COMPLETE,espF=PARTIAL,espJ=COMPLETE,espK=COMPLETE,espP=COMPLETE,espX1=COMPLETE,etpD=COMPLETE,fdeC=COMPLETE,iha=COMPLETE,katP=COMPLETE,lpfA1=COMPLETE,lpfA2=COMPLETE,nleA=COMPLETE,nleB2=COMPLETE,nleB=COMPLETE,nleC=COMPLETE,stxA2c=COMPLETE,stxB2a=COMPLETE,tccP=PARTIAL_END_OF_CONTIG,tir=COMPLETE,toxB=COMPLETE | AL92: emrE=COMPLETE,merA=HMM,merC=COMPLETE,merD=HMM,merE=HMM,merP=COMPLETE,merR=COMPLETE,merT=COMPLETE,qacEdelta1=COMPLETE,terD=COMPLETE,terW=COMPLETE,terZ=COMPLETE | AM92: aadA1=COMPLETE,acrF=MISTRANSLATION,blaEC=COMPLETE,glpT_E448K=POINT,mdtM=COMPLETE,pmrB_Y358N=POINT,sul1=COMPLETE,tet(A)=COMPLETE | AN92: 3.11.26 | AO92: 2023-08-08.2 | AP92: COMBINED | AQ92: 2011 | AR92: 245451 | AS92: 5555096 | AT92: 178 | AU92: PAIRED | AV92: 562 | AW92: Contig | AX92: SKESA v. 2.2 | AY92: 562 | AZ92: DALOXD | BA92: environmental/other | BC92: PDS000129622.1 | BD92: 0
